,동,1인가구,etc,합계,비율,,,,,,,,,,,,,
0,가락1동,1255,8279,9534,13.16341515,,,,,,,,,,,,,
1,가락2동,2272,9210,11482,19.78749347,,,,,,,,,,,,,
2,가락본동,3173,7403,10576,30.00189107,,,,,,,,,,,,,
3,가리봉동,2849,2052,4901,58.13099367,,,,,,,,,,,,,
4,가산동,9775,4349,14124,69.20843954,,,,,,,,,,,,,
5,가양1동,11023,7515,18538,59.46164635,,,,,,,,,,,,,
6,가양2동,3623,3906,7529,48.12060035,,,,,,,,,,,,,
7,가양3동,2925,4532,7457,39.22488937,,,,,,,,,,,,,
8,가회동,631,1102,1733,36.41084824,,,,,,,,,,,,,
9,갈현1동,3373,6571,9944,33.91995173,,,,,,,,,,,,,
10,갈현2동,3136,8337,11473,27.33374009,,,,,,,,,,,,,
11,강일동,2081,9196,11277,18.4534894,,,,,,,,,,,,,
12,개봉1동,3591,9810,13401,26.79650772,,,,,,,,,,,,,
13,개봉2동,2373,9345,11718,20.25089606,,,,,,,,,,,,,
14,개봉3동,1860,6213,8073,23.03976217,,,,,,,,,,,,,
15,개포1동,550,1774,2324,23.66609294,,,,,,,,,,,,,
16,개포2동,1058,6369,7427,14.24532113,,,,,,,,,,,,,
17,개포4동,2280,5518,7798,29.23826622,,,,,,,,,,,,,
18,거여1동,1396,3626,5022,27.79769016,,,,,,,,,,,,,
19,거여2동,1883,4928,6811,27.64645427,,,,,,,,,,,,,
20,고덕1동,1143,7209,8352,13.68534483,,,,,,,,,,,,,
21,고덕2동,1730,6374,8104,21.34748272,,,,,,,,,,,,,
22,고척1동,2216,6586,8802,25.17609634,,,,,,,,,,,,,
23,고척2동,2916,7760,10676,27.3136006,,,,,,,,,,,,,
24,공덕동,6338,10188,16526,38.35168825,,,,,,,,,,,,,
25,공릉1동,7356,9898,17254,42.63359221,,,,,,,,,,,,,
26,공릉2동,4783,10725,15508,30.84214599,,,,,,,,,,,,,
27,공항동,4329,7106,11435,37.85745518,,,,,,,,,,,,,
28,광장동,1501,9649,11150,13.46188341,,,,,,,,,,,,,
29,광희동,1391,1165,2556,54.42097027,,,,,,,,,,,,,
30,교남동,1219,2884,4103,29.70996832,,,,,,,,,,,,,
31,구로1동,1822,6091,7913,23.02540124,,,,,,,,,,,,,
32,구로2동,4383,6806,11189,39.17240147,,,,,,,,,,,,,
33,구로3동,6197,5844,12041,51.4658251,,,,,,,,,,,,,
34,구로4동,3764,5662,9426,39.93210269,,,,,,,,,,,,,
35,구로5동,5350,7884,13234,40.426175,,,,,,,,,,,,,
36,구산동,2785,9063,11848,23.50607698,,,,,,,,,,,,,
37,구의1동,5591,5411,11002,50.81803308,,,,,,,,,,,,,
38,구의2동,3049,7406,10455,29.16307987,,,,,,,,,,,,,
39,구의3동,3110,8001,11111,27.9902799,,,,,,,,,,,,,
40,군자동,5546,4689,10235,54.18661456,,,,,,,,,,,,,
41,금호1가동,1538,4507,6045,25.44251447,,,,,,,,,,,,,
42,금호2.3가동,2519,6666,9185,27.4251497,,,,,,,,,,,,,
43,금호4가동,1624,4188,5812,27.94218858,,,,,,,,,,,,,
44,길동,6909,12600,19509,35.41442411,,,,,,,,,,,,,
45,길음1동,1721,10129,11850,14.52320675,,,,,,,,,,,,,
46,길음2동,1666,4735,6401,26.02718325,,,,,,,,,,,,,
47,낙성대동,6341,3490,9831,64.50005086,,,,,,,,,,,,,
48,난곡동,4155,7569,11724,35.44012282,,,,,,,,,,,,,
49,난향동,1354,4383,5737,23.60118529,,,,,,,,,,,,,
50,남가좌1동,942,4460,5402,17.43798593,,,,,,,,,,,,,
51,남가좌2동,4237,7783,12020,35.24958403,,,,,,,,,,,,,
52,남영동,2382,1406,3788,62.88278775,,,,,,,,,,,,,
53,남현동,3855,4724,8579,44.93530715,,,,,,,,,,,,,
54,내곡동,1583,5041,6624,23.89794686,,,,,,,,,,,,,
55,노량진1동,5604,8444,14048,39.89179954,,,,,,,,,,,,,
56,노량진2동,3064,3021,6085,50.35332786,,,,,,,,,,,,,
57,녹번동,5033,10672,15705,32.04711875,,,,,,,,,,,,,
58,논현1동,7121,5156,12277,58.00276941,,,,,,,,,,,,,
59,논현2동,4618,5461,10079,45.8180375,,,,,,,,,,,,,
60,능동,3251,2789,6040,53.82450331,,,,,,,,,,,,,
61,다산동,2466,3798,6264,39.36781609,,,,,,,,,,,,,
62,답십리1동,3717,7850,11567,32.13452062,,,,,,,,,,,,,
63,답십리2동,3448,8308,11756,29.32970398,,,,,,,,,,,,,
64,당산1동,4125,5383,9508,43.3845183,,,,,,,,,,,,,
65,당산2동,7461,9287,16748,44.54860282,,,,,,,,,,,,,
66,대림1동,2269,4062,6331,35.83951982,,,,,,,,,,,,,
67,대림2동,2783,3283,6066,45.87866799,,,,,,,,,,,,,
68,대림3동,2970,6540,9510,31.23028391,,,,,,,,,,,,,
69,대방동,6011,10060,16071,37.40277519,,,,,,,,,,,,,
70,대조동,5597,7213,12810,43.69242779,,,,,,,,,,,,,
71,대치1동,350,6636,6986,5.01002004,,,,,,,,,,,,,
72,대치2동,1807,10165,11972,15.09355162,,,,,,,,,,,,,
73,대치4동,4269,4968,9237,46.21630399,,,,,,,,,,,,,
74,대학동,9718,4391,14109,68.87802112,,,,,,,,,,,,,
75,대흥동,4027,3294,7321,55.0061467,,,,,,,,,,,,,
76,도곡1동,1872,5910,7782,24.05551272,,,,,,,,,,,,,
77,도곡2동,1408,9365,10773,13.06971132,,,,,,,,,,,,,
78,도림동,3625,4849,8474,42.7779089,,,,,,,,,,,,,
79,도봉1동,3023,6114,9137,33.08525774,,,,,,,,,,,,,
80,도봉2동,2935,7997,10932,26.84778632,,,,,,,,,,,,,
81,도화동,2610,5856,8466,30.82919915,,,,,,,,,,,,,
82,독산1동,8983,10708,19691,45.61982632,,,,,,,,,,,,,
83,독산2동,3209,5199,8408,38.16603235,,,,,,,,,,,,,
84,독산3동,4413,6658,11071,39.86089784,,,,,,,,,,,,,
85,독산4동,2608,4250,6858,38.02857976,,,,,,,,,,,,,
86,돈암1동,1385,4423,5808,23.84641873,,,,,,,,,,,,,
87,돈암2동,1188,6923,8111,14.64677598,,,,,,,,,,,,,
88,동선동,5186,3447,8633,60.07181744,,,,,,,,,,,,,
89,동화동,795,2976,3771,21.08194113,,,,,,,,,,,,,
90,둔촌1동,6,0,6,100,,,,,,,,,,,,,
91,둔촌2동,2389,7551,9940,24.03420523,,,,,,,,,,,,,
92,등촌1동,6021,5937,11958,50.3512293,,,,,,,,,,,,,
93,등촌2동,2147,5965,8112,26.46696252,,,,,,,,,,,,,
94,등촌3동,5335,8833,14168,37.6552795,,,,,,,,,,,,,
95,마장동,3674,6045,9719,37.80224303,,,,,,,,,,,,,
96,마천1동,2403,5496,7899,30.42157235,,,,,,,,,,,,,
97,마천2동,2296,5490,7786,29.4888261,,,,,,,,,,,,,
98,망우3동,2695,4664,7359,36.62182362,,,,,,,,,,,,,
99,망우본동,4734,8126,12860,36.8118196,,,,,,,,,,,,,
100,망원1동,3829,5499,9328,41.04845626,,,,,,,,,,,,,
101,망원2동,2398,5278,7676,31.24022929,,,,,,,,,,,,,
102,면목2동,3974,6715,10689,37.17840771,,,,,,,,,,,,,
103,면목3.8동,4347,6916,11263,38.59540087,,,,,,,,,,,,,
104,면목4동,2678,5165,7843,34.14509754,,,,,,,,,,,,,
105,면목5동,1540,4167,5707,26.98440512,,,,,,,,,,,,,
106,면목7동,3294,6185,9479,34.75050111,,,,,,,,,,,,,
107,면목본동,6360,9266,15626,40.70139511,,,,,,,,,,,,,
108,명동,581,479,1060,54.81132075,,,,,,,,,,,,,
109,명일1동,1698,7617,9315,18.22866345,,,,,,,,,,,,,
110,명일2동,763,4773,5536,13.78251445,,,,,,,,,,,,,
111,목1동,1189,8754,9943,11.95816152,,,,,,,,,,,,,
112,목2동,3752,8339,12091,31.03134563,,,,,,,,,,,,,
113,목3동,2963,6218,9181,32.27317286,,,,,,,,,,,,,
114,목4동,2280,6999,9279,24.57161332,,,,,,,,,,,,,
115,목5동,1185,11681,12866,9.210321778,,,,,,,,,,,,,
116,무악동,494,2389,2883,17.13492889,,,,,,,,,,,,,
117,묵1동,3741,9819,13560,27.58849558,,,,,,,,,,,,,
118,묵2동,3049,5307,8356,36.4887506,,,,,,,,,,,,,
119,문래동,2947,9233,12180,24.1954023,,,,,,,,,,,,,
120,문정1동,2134,5720,7854,27.17086835,,,,,,,,,,,,,
121,문정2동,7515,7075,14590,51.50788211,,,,,,,,,,,,,
122,미성동,4186,8577,12763,32.79793152,,,,,,,,,,,,,
123,미아동,4807,5715,10522,45.68523094,,,,,,,,,,,,,
124,반포1동,5087,7890,12977,39.2001233,,,,,,,,,,,,,
125,반포2동,314,4277,4591,6.839468525,,,,,,,,,,,,,
126,반포3동,910,6126,7036,12.93348493,,,,,,,,,,,,,
127,반포4동,1110,5294,6404,17.33291693,,,,,,,,,,,,,
128,반포본동,354,3243,3597,9.841534612,,,,,,,,,,,,,
129,발산1동,2152,10581,12733,16.90096599,,,,,,,,,,,,,
130,방배1동,2318,4655,6973,33.24250681,,,,,,,,,,,,,
131,방배2동,2182,5526,7708,28.30825117,,,,,,,,,,,,,
132,방배3동,1472,5935,7407,19.87309302,,,,,,,,,,,,,
133,방배4동,2585,6332,8917,28.98957048,,,,,,,,,,,,,
134,방배본동,1683,5625,7308,23.02955665,,,,,,,,,,,,,
135,방이1동,1381,4371,5752,24.00904033,,,,,,,,,,,,,
136,방이2동,6641,6433,13074,50.79547193,,,,,,,,,,,,,
137,방학1동,3502,8039,11541,30.34399099,,,,,,,,,,,,,
138,방학2동,2768,5705,8473,32.66847634,,,,,,,,,,,,,
139,방학3동,1399,8138,9537,14.66918318,,,,,,,,,,,,,
140,방화1동,3791,12395,16186,23.42147535,,,,,,,,,,,,,
141,방화2동,4206,6006,10212,41.18683901,,,,,,,,,,,,,
142,방화3동,3815,6549,10364,36.81011193,,,,,,,,,,,,,
143,번1동,4380,4868,9248,47.3615917,,,,,,,,,,,,,
144,번2동,2250,4736,6986,32.20727169,,,,,,,,,,,,,
145,번3동,2002,5140,7142,28.03136376,,,,,,,,,,,,,
146,보광동,3121,3522,6643,46.98178534,,,,,,,,,,,,,
147,보라매동,5182,6335,11517,44.99435617,,,,,,,,,,,,,
148,보문동,3011,4136,7147,42.12956485,,,,,,,,,,,,,
149,부암동,1129,2644,3773,29.92313809,,,,,,,,,,,,,
150,북가좌1동,1172,5311,6483,18.07805029,,,,,,,,,,,,,
151,북가좌2동,4463,9117,13580,32.86450663,,,,,,,,,,,,,
152,북아현동,2261,4606,6867,32.92558614,,,,,,,,,,,,,
153,불광1동,4730,11259,15989,29.5828382,,,,,,,,,,,,,
154,불광2동,4589,7995,12584,36.46694215,,,,,,,,,,,,,
155,사근동,4754,2396,7150,66.48951049,,,,,,,,,,,,,
156,사당1동,6345,5705,12050,52.65560166,,,,,,,,,,,,,
157,사당2동,3025,7662,10687,28.3054178,,,,,,,,,,,,,
158,사당3동,2583,6939,9522,27.12665406,,,,,,,,,,,,,
159,사당4동,2651,3859,6510,40.72196621,,,,,,,,,,,,,
160,사당5동,2007,4085,6092,32.9448457,,,,,,,,,,,,,
161,사직동,1487,2352,3839,38.73404532,,,,,,,,,,,,,
162,삼각산동,2021,9014,11035,18.31445401,,,,,,,,,,,,,
163,삼선동,4790,5987,10777,44.44650645,,,,,,,,,,,,,
164,삼성1동,1433,3542,4975,28.8040201,,,,,,,,,,,,,
165,삼성2동,4236,7633,11869,35.68961159,,,,,,,,,,,,,
166,삼성동,3132,6674,9806,31.9396288,,,,,,,,,,,,,
167,삼양동,3023,6802,9825,30.76844784,,,,,,,,,,,,,
168,삼전동,6327,8199,14526,43.55638166,,,,,,,,,,,,,
169,삼청동,380,651,1031,36.85741998,,,,,,,,,,,,,
170,상계10동,1431,4817,6248,22.90332907,,,,,,,,,,,,,
171,상계1동,3454,11084,14538,23.75842619,,,,,,,,,,,,,
172,상계2동,2415,5546,7961,30.335385,,,,,,,,,,,,,
173,상계3.4동,3275,7609,10884,30.09004043,,,,,,,,,,,,,
174,상계5동,3030,6995,10025,30.2244389,,,,,,,,,,,,,
175,상계6.7동,3524,9520,13044,27.01625268,,,,,,,,,,,,,
176,상계8동,1954,6784,8738,22.36209659,,,,,,,,,,,,,
177,상계9동,1765,6229,7994,22.07905929,,,,,,,,,,,,,
178,상도1동,8604,11563,20167,42.66375762,,,,,,,,,,,,,
179,상도2동,4013,7491,11504,34.88351878,,,,,,,,,,,,,
180,상도3동,4214,6688,10902,38.65345808,,,,,,,,,,,,,
181,상도4동,4618,7862,12480,37.00320513,,,,,,,,,,,,,
182,상봉1동,2377,7047,9424,25.22283531,,,,,,,,,,,,,
183,상봉2동,5309,4958,10267,51.70936009,,,,,,,,,,,,,
184,상암동,3741,8312,12053,31.03791587,,,,,,,,,,,,,
185,상일동,1441,9543,10984,13.1190823,,,,,,,,,,,,,
186,서강동,4380,6465,10845,40.38727524,,,,,,,,,,,,,
187,서교동,8192,5695,13887,58.9904227,,,,,,,,,,,,,
188,서림동,7735,5232,12967,59.65142284,,,,,,,,,,,,,
189,서빙고동,1178,3519,4697,25.07983819,,,,,,,,,,,,,
190,서원동,7607,5314,12921,58.87315223,,,,,,,,,,,,,
191,서초1동,3203,5295,8498,37.69122146,,,,,,,,,,,,,
192,서초2동,3238,5093,8331,38.86688273,,,,,,,,,,,,,
193,서초3동,4851,8077,12928,37.52320545,,,,,,,,,,,,,
194,서초4동,1529,8478,10007,15.27930449,,,,,,,,,,,,,
195,석관동,5492,9927,15419,35.61839289,,,,,,,,,,,,,
196,석촌동,6716,8600,15316,43.84956908,,,,,,,,,,,,,
197,성내1동,1808,5705,7513,24.06495408,,,,,,,,,,,,,
198,성내2동,5143,6275,11418,45.0429147,,,,,,,,,,,,,
199,성내3동,3134,6420,9554,32.80301444,,,,,,,,,,,,,
200,성북동,2945,4340,7285,40.42553191,,,,,,,,,,,,,
201,성산1동,3506,5131,8637,40.59279843,,,,,,,,,,,,,
202,성산2동,6694,10699,17393,38.48674754,,,,,,,,,,,,,
203,성수1가1동,2435,4502,6937,35.10162895,,,,,,,,,,,,,
204,성수1가2동,2499,3603,6102,40.95378564,,,,,,,,,,,,,
205,성수2가1동,2990,4435,7425,40.26936027,,,,,,,,,,,,,
206,성수2가3동,2091,2797,4888,42.77823241,,,,,,,,,,,,,
207,성현동,3082,8479,11561,26.65859355,,,,,,,,,,,,,
208,세곡동,4891,11848,16739,29.21918872,,,,,,,,,,,,,
209,소공동,435,486,921,47.23127036,,,,,,,,,,,,,
210,송정동,2305,2748,5053,45.61646547,,,,,,,,,,,,,
211,송중동,4548,8099,12647,35.96109749,,,,,,,,,,,,,
212,송천동,4508,7426,11934,37.77442601,,,,,,,,,,,,,
213,송파1동,4706,6577,11283,41.7087654,,,,,,,,,,,,,
214,송파2동,1242,5743,6985,17.7809592,,,,,,,,,,,,,
215,수궁동,2086,7001,9087,22.95587102,,,,,,,,,,,,,
216,수색동,963,2632,3595,26.78720445,,,,,,,,,,,,,
217,수서동,3083,4294,7377,41.79205639,,,,,,,,,,,,,
218,수유1동,3467,5699,9166,37.82456906,,,,,,,,,,,,,
219,수유2동,2674,6046,8720,30.66513761,,,,,,,,,,,,,
220,수유3동,5632,5868,11500,48.97391304,,,,,,,,,,,,,
221,숭인1동,1007,1615,2622,38.4057971,,,,,,,,,,,,,
222,숭인2동,2988,2077,5065,58.99308983,,,,,,,,,,,,,
223,시흥1동,5285,9154,14439,36.60225777,,,,,,,,,,,,,
224,시흥2동,1592,6233,7825,20.34504792,,,,,,,,,,,,,
225,시흥3동,1142,3226,4368,26.14468864,,,,,,,,,,,,,
226,시흥4동,2417,5887,8304,29.10645472,,,,,,,,,,,,,
227,시흥5동,2910,5430,8340,34.89208633,,,,,,,,,,,,,
228,신길1동,4995,4101,9096,54.91424802,,,,,,,,,,,,,
229,신길3동,2205,4656,6861,32.13817228,,,,,,,,,,,,,
230,신길4동,1475,2788,4263,34.60004692,,,,,,,,,,,,,
231,신길5동,1386,3036,4422,31.34328358,,,,,,,,,,,,,
232,신길6동,2980,4638,7618,39.11787871,,,,,,,,,,,,,
233,신길7동,1599,5623,7222,22.14068125,,,,,,,,,,,,,
234,신내1동,2426,11220,13646,17.77810347,,,,,,,,,,,,,
235,신내2동,2273,6181,8454,26.88668086,,,,,,,,,,,,,
236,신당5동,2182,2767,4949,44.08971509,,,,,,,,,,,,,
237,신당동,2223,1802,4025,55.22981366,,,,,,,,,,,,,
238,신대방1동,3128,6311,9439,33.13910372,,,,,,,,,,,,,
239,신대방2동,3672,5120,8792,41.76524113,,,,,,,,,,,,,
240,신도림동,2324,10403,12727,18.26039129,,,,,,,,,,,,,
241,신림동,11942,3584,15526,76.91614067,,,,,,,,,,,,,
242,신사1동,3009,7961,10970,27.42935278,,,,,,,,,,,,,
243,신사2동,2314,5918,8232,28.10981535,,,,,,,,,,,,,
244,신사동_강,2047,4360,6407,31.94943031,,,,,,,,,,,,,
245,신사동_관,7282,5218,12500,58.256,,,,,,,,,,,,,
246,신수동,3184,6339,9523,33.43484196,,,,,,,,,,,,,
247,신원동,5505,4411,9916,55.51633723,,,,,,,,,,,,,
248,신월1동,3273,5746,9019,36.29005433,,,,,,,,,,,,,
249,신월2동,1749,6107,7856,22.26323829,,,,,,,,,,,,,
250,신월3동,2877,4184,7061,40.74493698,,,,,,,,,,,,,
251,신월4동,1151,5313,6464,17.80631188,,,,,,,,,,,,,
252,신월5동,1567,4246,5813,26.95682092,,,,,,,,,,,,,
253,신월6동,874,3962,4836,18.07278743,,,,,,,,,,,,,
254,신월7동,2217,6098,8315,26.66265785,,,,,,,,,,,,,
255,신정1동,929,5744,6673,13.92177431,,,,,,,,,,,,,
256,신정2동,1148,5453,6601,17.39130435,,,,,,,,,,,,,
257,신정3동,3582,13194,16776,21.35193133,,,,,,,,,,,,,
258,신정4동,5522,9039,14561,37.92321956,,,,,,,,,,,,,
259,신정6동,728,7068,7796,9.338122114,,,,,,,,,,,,,
260,신정7동,2450,8460,10910,22.45646196,,,,,,,,,,,,,
261,신촌동,9002,3530,12532,71.8321098,,,,,,,,,,,,,
262,쌍문1동,2489,6209,8698,28.61577374,,,,,,,,,,,,,
263,쌍문2동,2457,5478,7935,30.96408318,,,,,,,,,,,,,
264,쌍문3동,2761,4602,7363,37.49830232,,,,,,,,,,,,,
265,쌍문4동,1238,5530,6768,18.29196217,,,,,,,,,,,,,
266,아현동,2269,7191,9460,23.98520085,,,,,,,,,,,,,
267,안암동,5964,3300,9264,64.37823834,,,,,,,,,,,,,
268,암사1동,4551,9880,14431,31.53627607,,,,,,,,,,,,,
269,암사2동,1481,4422,5903,25.08893783,,,,,,,,,,,,,
270,암사3동,707,5174,5881,12.02176501,,,,,,,,,,,,,
271,압구정동,1822,7380,9202,19.80004347,,,,,,,,,,,,,
272,약수동,2054,4871,6925,29.66064982,,,,,,,,,,,,,
273,양재1동,4776,11970,16746,28.52024364,,,,,,,,,,,,,
274,양재2동,3938,5777,9715,40.53525476,,,,,,,,,,,,,
275,양평1동,3721,4516,8237,45.17421391,,,,,,,,,,,,,
276,양평2동,3391,6043,9434,35.94445622,,,,,,,,,,,,,
277,여의동,2672,9264,11936,22.38605898,,,,,,,,,,,,,
278,역삼1동,12735,7621,20356,62.56140696,,,,,,,,,,,,,
279,역삼2동,4735,9111,13846,34.1976022,,,,,,,,,,,,,
280,역촌동,5473,13295,18768,29.16133845,,,,,,,,,,,,,
281,연남동,4142,3806,7948,52.11373931,,,,,,,,,,,,,
282,연희동,9005,9388,18393,48.95884304,,,,,,,,,,,,,
283,염리동,1775,3194,4969,35.72147313,,,,,,,,,,,,,
284,염창동,2993,11692,14685,20.3813415,,,,,,,,,,,,,
285,영등포동,10170,5369,15539,65.44822704,,,,,,,,,,,,,
286,영등포본동,3226,5716,8942,36.07694028,,,,,,,,,,,,,
287,오금동,3077,11267,14344,21.45147797,,,,,,,,,,,,,
288,오류1동,4624,5923,10547,43.84185076,,,,,,,,,,,,,
289,오류2동,3258,11102,14360,22.68802228,,,,,,,,,,,,,
290,오륜동,361,5137,5498,6.566024009,,,,,,,,,,,,,
291,옥수동,2391,7683,10074,23.73436569,,,,,,,,,,,,,
292,왕십리2동,2275,4650,6925,32.85198556,,,,,,,,,,,,,
293,왕십리도선동,3632,7367,10999,33.02118374,,,,,,,,,,,,,
294,용강동,2388,5981,8369,28.53387501,,,,,,,,,,,,,
295,용답동,3111,2765,5876,52.94417971,,,,,,,,,,,,,
296,용문동,1576,3357,4933,31.9481046,,,,,,,,,,,,,
297,용산2가동,1911,2587,4498,42.48554913,,,,,,,,,,,,,
298,용신동,8464,7238,15702,53.90396128,,,,,,,,,,,,,
299,우이동,2436,5850,8286,29.39898624,,,,,,,,,,,,,
300,우장산동,2826,12117,14943,18.91186509,,,,,,,,,,,,,
301,원효로1동,2735,4180,6915,39.5516992,,,,,,,,,,,,,
302,원효로2동,1601,3842,5443,29.41392614,,,,,,,,,,,,,
303,월계1동,3440,6136,9576,35.92314119,,,,,,,,,,,,,
304,월계2동,3531,7854,11385,31.01449275,,,,,,,,,,,,,
305,월계3동,3359,8906,12265,27.38687322,,,,,,,,,,,,,
306,월곡1동,2454,7535,9989,24.56702373,,,,,,,,,,,,,
307,월곡2동,3767,5195,8962,42.03302834,,,,,,,,,,,,,
308,위례동,1037,8004,9041,11.46997014,,,,,,,,,,,,,
309,은천동,5723,9114,14837,38.5724877,,,,,,,,,,,,,
310,을지로동,781,330,1111,70.2970297,,,,,,,,,,,,,
311,응봉동,1053,4444,5497,19.15590322,,,,,,,,,,,,,
312,응암1동,3771,7374,11145,33.83580081,,,,,,,,,,,,,
313,응암2동,2171,7950,10121,21.45044956,,,,,,,,,,,,,
314,응암3동,4431,6858,11289,39.25059793,,,,,,,,,,,,,
315,이문1동,5774,4160,9934,58.12361586,,,,,,,,,,,,,
316,이문2동,2503,5670,8173,30.62522941,,,,,,,,,,,,,
317,이촌1동,1212,7763,8975,13.50417827,,,,,,,,,,,,,
318,이촌2동,803,2495,3298,24.34808975,,,,,,,,,,,,,
319,이태원1동,1479,1622,3101,47.69429216,,,,,,,,,,,,,
320,이태원2동,1874,2270,4144,45.22200772,,,,,,,,,,,,,
321,이화동,2094,1789,3883,53.92737574,,,,,,,,,,,,,
322,인수동,3937,8857,12794,30.77223699,,,,,,,,,,,,,
323,인헌동,6776,6410,13186,51.38783558,,,,,,,,,,,,,
324,일원1동,2631,4158,6789,38.75386655,,,,,,,,,,,,,
325,일원2동,1927,4945,6872,28.04132712,,,,,,,,,,,,,
326,일원본동,923,6563,7486,12.32968207,,,,,,,,,,,,,
327,자양1동,4616,5879,10495,43.98284898,,,,,,,,,,,,,
328,자양2동,3098,7065,10163,30.48312506,,,,,,,,,,,,,
329,자양3동,2131,7913,10044,21.21664675,,,,,,,,,,,,,
330,자양4동,3751,4574,8325,45.05705706,,,,,,,,,,,,,
331,잠실2동,1160,9838,10998,10.54737225,,,,,,,,,,,,,
332,잠실3동,1116,10070,11186,9.97675666,,,,,,,,,,,,,
333,잠실4동,669,6097,6766,9.887673662,,,,,,,,,,,,,
334,잠실6동,577,4869,5446,10.59493206,,,,,,,,,,,,,
335,잠실7동,302,2854,3156,9.569074778,,,,,,,,,,,,,
336,잠실본동,6559,7291,13850,47.35740072,,,,,,,,,,,,,
337,잠원동,2809,7543,10352,27.13485317,,,,,,,,,,,,,
338,장안1동,5502,10429,15931,34.53643839,,,,,,,,,,,,,
339,장안2동,3212,9151,12363,25.98074901,,,,,,,,,,,,,
340,장위1동,2487,5569,8056,30.8714002,,,,,,,,,,,,,
341,장위2동,2030,3840,5870,34.58262351,,,,,,,,,,,,,
342,장위3동,1839,4920,6759,27.20816689,,,,,,,,,,,,,
343,장지동,2747,8661,11408,24.07959327,,,,,,,,,,,,,
344,장충동,1509,1119,2628,57.42009132,,,,,,,,,,,,,
345,전농1동,5814,7770,13584,42.80035336,,,,,,,,,,,,,
346,전농2동,1691,5472,7163,23.60742706,,,,,,,,,,,,,
347,정릉1동,1819,5232,7051,25.79775918,,,,,,,,,,,,,
348,정릉2동,2284,6673,8957,25.49960924,,,,,,,,,,,,,
349,정릉3동,3255,3933,7188,45.28380634,,,,,,,,,,,,,
350,정릉4동,2659,7206,9865,26.95387734,,,,,,,,,,,,,
351,제기동,5399,6263,11662,46.29566112,,,,,,,,,,,,,
352,조원동,5581,3956,9537,58.51945056,,,,,,,,,,,,,
353,종로1.2.3.4가동,2371,1261,3632,65.280837,,,,,,,,,,,,,
354,종로5·6가동,1608,1084,2692,59.73254086,,,,,,,,,,,,,
355,종암동,5568,10700,16268,34.22670273,,,,,,,,,,,,,
356,중계1동,1070,7572,8642,12.3813932,,,,,,,,,,,,,
357,중계2.3동,4119,10240,14359,28.68584163,,,,,,,,,,,,,
358,중계4동,2081,5784,7865,26.45899555,,,,,,,,,,,,,
359,중계본동,1105,6764,7869,14.04244504,,,,,,,,,,,,,
360,중곡1동,3282,4063,7345,44.68345813,,,,,,,,,,,,,
361,중곡2동,3780,5835,9615,39.31357254,,,,,,,,,,,,,
362,중곡3동,3144,4407,7551,41.63686929,,,,,,,,,,,,,
363,중곡4동,3747,8183,11930,31.40821459,,,,,,,,,,,,,
364,중림동,1627,3349,4976,32.69694534,,,,,,,,,,,,,
365,중앙동,5565,3317,8882,62.65480748,,,,,,,,,,,,,
366,중화1동,2353,5764,8117,28.98854256,,,,,,,,,,,,,
367,중화2동,5455,6727,12182,44.7791824,,,,,,,,,,,,,
368,증산동,1736,4430,6166,28.15439507,,,,,,,,,,,,,
369,진관동,4742,15247,19989,23.72304768,,,,,,,,,,,,,
370,창1동,2919,7184,10103,28.8924082,,,,,,,,,,,,,
371,창2동,2889,8529,11418,25.30215449,,,,,,,,,,,,,
372,창3동,1901,4018,5919,32.11691164,,,,,,,,,,,,,
373,창4동,2256,7728,9984,22.59615385,,,,,,,,,,,,,
374,창5동,2347,7207,9554,24.56562696,,,,,,,,,,,,,
375,창신1동,1069,1269,2338,45.72284003,,,,,,,,,,,,,
376,창신2동,1288,2196,3484,36.96900115,,,,,,,,,,,,,
377,창신3동,613,1982,2595,23.62235067,,,,,,,,,,,,,
378,천연동,2388,4798,7186,33.23128305,,,,,,,,,,,,,
379,천호1동,3749,7652,11401,32.88308043,,,,,,,,,,,,,
380,천호2동,6378,9323,15701,40.62161646,,,,,,,,,,,,,
381,천호3동,5205,7107,12312,42.27582846,,,,,,,,,,,,,
382,청구동,1924,3840,5764,33.3795975,,,,,,,,,,,,,
383,청담동,3203,7051,10254,31.2365906,,,,,,,,,,,,,
384,청량리동,3236,5416,8652,37.40175682,,,,,,,,,,,,,
385,청룡동,13435,7304,20739,64.78132986,,,,,,,,,,,,,
386,청림동,1403,4525,5928,23.66734143,,,,,,,,,,,,,
387,청운효자동,1378,3281,4659,29.57716248,,,,,,,,,,,,,
388,청파동,5218,4611,9829,53.0878014,,,,,,,,,,,,,
389,충현동,3880,5228,9108,42.59991217,,,,,,,,,,,,,
390,평창동,1302,4963,6265,20.78212291,,,,,,,,,,,,,
391,풍납1동,1869,3907,5776,32.35803324,,,,,,,,,,,,,
392,풍납2동,2880,6927,9807,29.36677883,,,,,,,,,,,,,
393,필동,1020,883,1903,53.59957961,,,,,,,,,,,,,
394,하계1동,3265,7351,10616,30.75546345,,,,,,,,,,,,,
395,하계2동,1481,6443,7924,18.69005553,,,,,,,,,,,,,
396,한강로동,3755,5030,8785,42.74331246,,,,,,,,,,,,,
397,한남동,4154,5281,9435,44.02755697,,,,,,,,,,,,,
398,합정동,3699,4581,8280,44.67391304,,,,,,,,,,,,,
399,항동,1358,4630,5988,22.67869071,,,,,,,,,,,,,
400,행당1동,1930,3818,5748,33.57689631,,,,,,,,,,,,,
401,행당2동,1764,6983,8747,20.16691437,,,,,,,,,,,,,
402,행운동,9674,6716,16390,59.023795,,,,,,,,,,,,,
403,혜화동,4925,3880,8805,55.93412834,,,,,,,,,,,,,
404,홍은1동,2538,6329,8867,28.6229841,,,,,,,,,,,,,
405,홍은2동,3769,7408,11177,33.72103427,,,,,,,,,,,,,
406,홍제1동,2736,6805,9541,28.67623939,,,,,,,,,,,,,
407,홍제2동,1443,4050,5493,26.26979792,,,,,,,,,,,,,
408,홍제3동,2027,4436,6463,31.36314405,,,,,,,,,,,,,
409,화곡1동,10238,14196,24434,41.90063027,,,,,,,,,,,,,
410,화곡2동,2322,5230,7552,30.74682203,,,,,,,,,,,,,
411,화곡3동,2282,6096,8378,27.2380043,,,,,,,,,,,,,
412,화곡4동,2969,5942,8911,33.31837055,,,,,,,,,,,,,
413,화곡6동,4182,6611,10793,38.74733624,,,,,,,,,,,,,
414,화곡8동,3346,7293,10639,31.45032428,,,,,,,,,,,,,
415,화곡본동,5647,9423,15070,37.47179827,,,,,,,,,,,,,
416,화양동,12704,3917,16621,76.43342759,,,,,,,,,,,,,
417,황학동,2963,3250,6213,47.69032673,,,,,,,,,,,,,
418,회기동,4044,2284,6328,63.90644753,,,,,,,,,,,,,
419,회현동,867,1141,2008,43.17729084,,,,,,,,,,,,,
420,효창동,1082,2840,3922,27.58796532,,,,,,,,,,,,,
421,후암동,2800,4483,7283,38.44569546,,,,,,,,,,,,,
422,휘경1동,3336,3307,6643,50.21827488,,,,,,,,,,,,,
423,휘경2동,4785,6130,10915,43.83875401,,,,,,,,,,,,,
424,흑석동,4562,8849,13411,34.01685184,,,,,,,,,,,,,
