,출생,사망,전입,전출,혼인,이혼,cluster,cluster_s,위도,경도,동
0,17,29,829,937,12,13,0,1,37.481054,127.0537081,개포1동
1,152,57,9853,4191,61,28,1,0,37.4897742,127.0691197,개포2동
2,91,57,4408,3308,91,41,2,0,37.4789985,127.0516566,개포4동
3,93,81,5141,5967,112,45,1,0,37.5115546,127.0284464,논현1동
4,102,76,4171,4824,87,40,2,0,37.5173754,127.0371963,논현2동
5,33,41,2965,3610,27,16,2,1,37.4932911,127.0568027,대치1동
6,80,91,6859,7825,51,38,1,0,37.5023067,127.0642127,대치2동
7,63,50,4592,5101,53,31,2,0,37.5000976,127.0579215,대치4동
8,112,80,2929,3583,68,15,2,1,37.4894218,127.0383343,도곡1동
9,148,91,3883,4652,63,35,2,0,37.486423,127.045433,도곡2동
10,73,45,1956,2392,43,26,0,1,37.51434254999999,127.0625466314373,삼성1동
11,164,99,5861,5404,100,53,1,2,37.5111921,127.0459885,삼성2동
12,251,186,5417,6506,160,68,1,2,37.46913105,127.1069304712163,세곡동
13,93,147,1802,2137,88,28,0,0,37.4824493,127.0780991,수서동
14,57,84,2158,2711,57,17,0,1,37.5239801,127.0228273479811,신사동
15,57,84,2158,2711,57,17,0,1,37.4854189,126.9181169,신사동
16,75,112,4645,4753,84,37,2,0,37.5239801,127.0228273479811,신사동
17,75,112,4645,4753,84,37,2,0,37.4854189,126.9181169,신사동
18,141,108,3332,4130,59,36,2,0,37.5316035,127.0299449,압구정동
19,123,101,10578,10648,204,88,1,2,37.495394,127.033108,역삼1동
20,147,94,6092,6470,81,34,1,2,37.4960586,127.046966,역삼2동
21,56,98,1967,2498,65,22,0,1,37.4920557,127.087615,일원1동
22,114,91,3111,3248,80,22,2,0,37.48774935,127.07083865,일원2동
23,104,66,2524,3191,53,20,0,1,37.48336815,127.0864944,일원본동
24,142,95,3654,4773,65,21,2,0,37.5263605,127.0537937,청담동
25,112,158,8494,3277,84,59,1,2,37.5649416,127.1739152,강일동
26,147,73,3187,4865,73,30,2,0,37.5563074,127.1488895,고덕1동
27,170,65,3677,4061,71,29,2,0,37.5605039,127.1643845,고덕2동
28,209,210,6781,7559,216,72,1,2,37.5392251,127.1462154,길동
29,1,1,1,11,19,2,0,1,37.5230921,127.136944,둔촌1동
30,148,121,2990,4584,82,29,2,0,37.5319657,127.142521,둔촌2동
31,204,103,3917,4453,130,31,2,0,37.5497586,127.14599905,명일1동
32,39,42,2815,2723,32,15,0,1,37.5480751,127.1300518,명일2동
33,229,85,12333,4712,98,37,1,2,37.5518119,127.1652728,상일동
34,126,78,2879,3240,67,28,2,0,37.52893,127.12503,성내1동
35,132,118,3860,4521,99,47,2,0,37.5329049,127.1268052,성내2동
36,123,93,3639,3892,79,29,2,0,37.525568,127.1317124,성내3동
37,186,172,4722,5437,173,90,2,2,37.55127,127.1311585,암사1동
38,152,49,2196,2428,75,22,0,1,37.552662,127.1273471,암사2동
39,94,55,1997,2437,46,13,0,1,37.554982,127.1408239022984,암사3동
40,130,169,3845,4482,197,75,2,2,37.5427264,127.1373558,천호1동
41,175,175,5310,6557,234,72,1,2,37.5385448,127.1234736,천호2동
42,158,134,5240,5205,117,49,1,2,37.5395191,127.1293281,천호3동
43,58,137,3202,3711,64,46,2,0,37.6270848,127.0270683,미아동
44,61,119,2796,3293,69,47,2,0,37.6378469,127.0288300282459,번1동
45,54,121,1533,1949,45,22,0,1,37.62518,127.04868,번2동
46,51,165,1396,1933,45,33,0,1,37.6251367,127.0448336,번3동
47,147,108,2959,3374,60,29,2,0,37.61629165,127.0184242812736,삼각산동
48,107,170,2699,3377,80,45,2,0,37.6273418,127.0183872,삼양동
49,129,165,3499,4115,94,64,2,0,37.6161293,127.0337833,송중동
50,61,182,3055,3791,61,57,2,0,37.6183081,127.0238655,송천동
51,85,158,2843,3186,66,48,2,0,37.61622,127.02204,수유1동
52,76,145,2602,2673,55,45,0,0,37.62518,127.04868,수유2동
53,49,138,3904,4212,87,55,2,0,37.6456937,127.0233309,수유3동
54,75,143,2950,2999,79,53,2,0,37.6479732,127.0115593,우이동
55,96,217,3619,4348,86,83,2,2,37.6414795,127.0106302,인수동
56,202,98,8104,8180,232,40,1,2,37.56946595,126.8447031597579,가양1동
57,68,173,1873,2213,67,28,0,0,37.5652368,126.8535763,가양2동
58,163,121,1795,2215,139,24,0,0,37.5652368,126.8535763,가양3동
59,199,131,8731,4702,138,62,1,2,37.5578196,126.8119134,공항동
60,179,93,4925,4867,210,48,2,2,37.5546086,126.8592392,등촌1동
61,123,74,2541,3319,78,37,2,0,37.5515234,126.864002,등촌2동
62,191,258,3485,4273,137,44,2,2,37.5588691,126.847941,등촌3동
63,170,133,3795,4734,92,54,2,0,37.5531474,126.8333072,발산1동
64,213,165,5316,6586,150,64,1,2,37.5674988,126.812119,방화1동
65,114,136,4165,3651,104,47,2,0,37.5667208,126.8067563,방화2동
66,129,170,2709,3241,98,46,2,0,37.57874435,126.8135407771909,방화3동
67,329,97,5099,5513,198,39,1,2,37.5534373,126.8712245,염창동
68,200,165,4643,5326,101,52,2,2,37.5483601,126.8417581,우장산동
69,352,208,9008,9428,476,140,1,2,37.5304841,126.8415804,화곡1동
70,100,74,2433,2904,60,32,0,1,37.5328386,126.8549885,화곡2동
71,93,109,3201,3310,53,25,2,0,37.5425305,126.8384344828297,화곡3동
72,91,94,2412,2902,54,43,0,0,37.5333278,126.8612649,화곡4동
73,110,123,4124,4091,79,38,2,0,37.5420589,126.842453,화곡6동
74,134,103,3484,4190,84,38,2,0,37.5332362,126.8472185,화곡8동
75,185,169,5426,5723,119,72,1,2,37.5440294,126.8477100611912,화곡본동
76,41,59,4559,4649,80,19,2,0,37.47627505,126.9584078,낙성대동
77,117,162,2965,3610,78,54,2,0,37.4709304,126.9216413,난곡동
78,68,89,1531,1811,34,24,0,1,37.4615331,126.9187322,난향동
79,107,74,3901,4151,119,33,2,0,37.4742961,126.9774189,남현동
80,79,89,5684,5855,101,36,1,0,37.4708216,126.9383512,대학동
81,108,140,3560,4143,82,54,2,0,37.4761893,126.9155584,미성동
82,94,143,4141,4095,163,40,2,0,37.4821788,126.950987,보라매동
83,64,161,1678,3207,55,37,0,0,37.4595058,126.9276122,삼성동
84,62,103,4789,5330,115,39,2,0,37.47495834999999,126.9349991683946,서림동
85,92,106,5360,5494,217,40,1,2,37.4708216,126.9383512,서원동
86,153,145,2722,3623,79,36,2,0,37.4894094,126.9482011,성현동
87,67,68,7367,6736,126,36,1,2,37.48740505,126.9271533163815,신림동
88,50,87,3565,3837,67,38,2,0,37.4819063,126.9273435,신원동
89,160,149,4516,5189,127,52,2,2,37.48524725,126.9424181539992,은천동
90,117,95,4636,4876,106,28,2,0,37.4751124,126.9652287,인헌동
91,66,76,3511,3598,64,38,2,0,37.4827156,126.9078745,조원동
92,39,60,3511,3587,63,15,2,1,37.484114,126.9497942047471,중앙동
93,109,113,8887,8349,154,44,1,2,37.47910325,126.94163715,청룡동
94,109,66,1864,2265,78,15,0,1,37.4918207,126.9586072,청림동
95,128,112,6364,6553,118,26,1,2,37.4806266,126.9570766,행운동
96,139,80,3468,4183,78,27,2,0,37.5452349,127.0988974,광장동
97,91,97,3938,4313,125,33,2,0,37.5435491,127.0864008,구의1동
98,123,125,3388,3713,94,47,2,0,37.547771,127.0902816,구의2동
99,158,116,3625,4244,117,46,2,0,37.5380399,127.0920061,구의3동
100,85,99,3587,3831,93,31,2,0,37.5519973,127.0713059,군자동
101,74,50,2043,2294,66,24,0,1,37.5542428,127.0800908,능동
102,92,124,3673,4011,102,42,2,0,37.5330502,127.0794998,자양1동
103,113,94,2953,3885,89,39,2,0,37.5296488,127.0842557,자양2동
104,154,108,3285,3924,99,26,2,0,37.5338424,127.0728903,자양3동
105,65,123,3112,2763,66,25,2,0,37.5344883,127.0661053,자양4동
106,95,70,2619,2827,102,32,0,0,37.5614397,127.0802968,중곡1동
107,94,103,3176,3604,95,44,2,0,37.5376771,127.06928,중곡2동
108,69,93,2281,2737,74,30,0,1,37.5688317,127.0801796,중곡3동
109,143,133,3495,4190,105,50,2,0,37.559077,127.0894815,중곡4동
110,37,71,6879,6231,94,27,1,0,37.5467536,127.0714156,화양동
111,27,76,1687,1788,45,19,0,1,37.48081,126.89595,가리봉동
112,185,173,3643,4184,148,58,2,2,37.4979691,126.8524264,개봉1동
113,159,140,3068,3909,101,46,2,0,37.4905437,126.8577851,개봉2동
114,94,139,2203,2749,56,38,0,0,37.486637,126.8521901,개봉3동
115,84,106,2297,2987,68,39,0,0,37.4990811,126.8617107,고척1동
116,120,155,2627,3257,48,43,2,0,37.5082046,126.8530379,고척2동
117,147,74,2116,2595,173,36,0,0,37.4918755,126.8760577,구로1동
118,83,159,2655,3208,100,50,2,0,37.4861657,126.8855372,구로2동
119,121,96,4411,4658,122,44,2,0,37.48740095,126.8903998443694,구로3동
120,89,127,2629,3154,88,42,0,0,37.4915913,126.8891239,구로4동
121,184,105,4675,4884,144,30,2,2,37.5007652,126.8867941,구로5동
122,141,107,2834,3246,103,28,2,0,37.494002,126.831446,수궁동
123,285,103,4067,4334,168,51,2,2,37.5073792,126.8794801,신도림동
124,162,104,3800,3883,130,48,2,0,37.5013683,126.8785054,오류1동
125,245,203,4021,4534,115,68,2,2,37.488218,126.8397067,오류2동
126,143,25,1437,1510,62,18,0,1,37.480214,126.823492,항동
127,81,89,6506,5835,167,45,1,2,37.471387,126.8983078,가산동
128,339,209,10101,7329,284,84,1,2,37.4723043,126.8949927,독산1동
129,74,129,2315,2495,76,41,0,0,37.4665376,126.8933658,독산2동
130,75,147,3308,3553,95,53,2,0,37.47513505,126.9032273628488,독산3동
131,63,85,1893,2203,55,29,0,1,37.4511974,126.9062688,독산4동
132,172,177,4196,4859,134,71,2,2,37.4535184,126.9032550462156,시흥1동
133,81,108,1932,2392,64,20,0,1,37.4496013,126.9144265,시흥2동
134,37,59,1178,1415,35,22,0,1,37.44025655,126.9057992102459,시흥3동
135,91,103,2065,2454,76,48,0,0,37.4610734,126.9096003,시흥4동
136,79,139,2169,2512,75,47,0,0,37.4522005,126.9081009,시흥5동
137,169,193,4749,5616,107,78,1,2,37.62479985,127.0738333034867,공릉1동
138,202,152,6366,5675,129,40,1,2,37.6203639,127.0828298,공릉2동
139,101,50,3657,2556,89,22,2,1,37.6584915,127.0646714,상계10동
140,132,227,3849,4459,121,62,2,2,37.67985835,127.0548906,상계1동
141,62,101,2575,2966,47,31,0,1,37.6604728,127.0672426,상계2동
142,87,207,2291,2875,69,62,0,0,37.6729272,127.0832564,상계3.4동
143,74,150,2622,3096,65,55,0,0,37.6643171,127.0666903,상계5동
144,172,138,3917,4781,145,51,2,2,37.6548557,127.0670160087209,상계6.7동
145,309,85,3109,3671,286,26,2,2,37.66728,127.05394,상계8동
146,124,91,2318,3000,77,29,0,0,37.6644903,127.0638556529496,상계9동
147,82,120,2843,3560,62,43,2,0,37.6149158,127.0647959,월계1동
148,127,186,2391,3122,79,45,0,0,37.6323479,127.0508606,월계2동
149,193,168,3146,3816,126,43,2,0,37.6307063,127.0631762,월계3동
150,32,89,2928,3496,28,24,2,1,37.652548,127.0774758,중계1동
151,148,274,2980,4024,126,45,2,2,37.6421309,127.0687063,중계2.3동
152,58,127,1793,2404,50,33,0,1,37.6587711,127.078,중계4동
153,44,97,2535,3288,29,30,2,1,37.6462176,127.0816372,중계본동
154,77,135,2725,3509,67,36,2,0,37.6584915,127.0646714,하계1동
155,59,109,1942,2559,63,27,0,1,37.6319755,127.06795095,하계2동
156,55,180,2501,2777,53,48,0,0,37.6755559,127.0436147,도봉1동
157,134,204,3248,3928,81,58,2,0,37.6696587,127.0465179,도봉2동
158,85,174,3728,3832,76,59,2,0,37.6641126,127.04052,방학1동
159,52,156,2251,2651,62,51,0,0,37.66307,127.02764,방학2동
160,94,120,2329,3057,75,34,0,0,37.65915755,127.0280225451754,방학3동
161,84,132,2707,2967,65,44,0,0,37.647923,127.025877,쌍문1동
162,76,123,2372,2716,64,52,0,0,37.6580005,127.038856,쌍문2동
163,57,93,2448,2462,56,29,0,1,37.6479673,127.0293845,쌍문3동
164,49,82,1872,2374,48,41,0,1,37.66307,127.02764,쌍문4동
165,104,142,2911,3427,72,41,2,0,37.6585558,127.0346127,창1동
166,134,145,3403,3856,101,55,2,0,37.6416389,127.0363754,창2동
167,39,100,1607,1925,40,34,0,1,37.6395232,127.0428137,창3동
168,132,136,2691,3389,80,30,2,0,37.65223684999999,127.0516348581459,창4동
169,123,133,2827,3321,90,35,2,0,37.6563472,127.043619,창5동
170,239,111,4321,4275,138,42,2,2,37.563476,127.0582719,답십리1동
171,203,153,3015,3736,113,34,2,0,37.5674043,127.0613008,답십리2동
172,131,192,6633,5762,172,63,1,2,37.5758133,127.0372885264926,용신동
173,42,102,3344,3417,44,19,2,1,37.5910468,127.0673671,이문1동
174,87,109,2150,2487,51,24,0,1,37.6038427,127.0664774,이문2동
175,207,191,5083,5251,163,72,1,2,37.567825,127.066442,장안1동
176,213,149,3782,4239,100,73,2,2,37.5784903,127.0705968,장안2동
177,154,185,3720,4279,139,58,2,2,37.5779625,127.0481235,전농1동
178,81,122,1584,2056,41,23,0,1,37.5699527,127.0488074,전농2동
179,100,208,3772,3800,79,31,2,0,37.583117,127.0378458,제기동
180,56,173,2058,2747,49,46,0,0,37.5862577,127.0472758,청량리동
181,28,50,2576,2423,34,10,0,1,37.5907782,127.0553568843636,회기동
182,76,66,3048,2661,46,18,0,1,37.5933701,127.0685208,휘경1동
183,85,100,3869,3898,59,42,2,0,37.5840067,127.0681085,휘경2동
184,174,169,5978,6099,127,35,1,2,37.5123107,126.9420168,노량진1동
185,34,88,2455,4176,35,18,2,1,37.5083919,126.9373633521789,노량진2동
186,138,171,5306,5985,139,46,1,2,37.5092532,126.9284117,대방동
187,108,79,4857,5014,149,44,2,0,37.4828484,126.9792285,사당1동
188,188,125,5018,4265,132,37,2,2,37.4918913,126.9766919,사당2동
189,165,115,3358,3929,89,26,2,0,37.4867741,126.9713152,사당3동
190,86,54,2336,2574,66,19,0,1,37.4807808,126.9689749,사당4동
191,107,57,1958,2199,103,21,0,1,37.4856628,126.9669792,사당5동
192,183,196,7057,7950,164,46,1,2,37.5011882,126.9536242,상도1동
193,186,104,6402,6072,93,29,1,2,37.50545095,126.9423061007496,상도2동
194,130,139,3707,4054,108,39,2,0,37.4991155,126.9313674112912,상도3동
195,166,139,4226,4493,96,48,2,0,37.4998253,126.9388527,상도4동
196,104,101,2747,3192,90,29,2,0,37.4881887,126.9101357,신대방1동
197,108,75,4734,3632,68,21,2,0,37.499102,126.9260285,신대방2동
198,167,158,4118,4677,109,35,2,0,37.5058049,126.9666400153883,흑석동
199,168,192,5581,6271,158,54,1,2,37.5501763,126.9600556,공덕동
200,63,65,3448,3246,75,16,2,1,37.5553084,126.9425782,대흥동
201,157,108,2766,3161,110,31,2,0,37.5401656,126.9478744,도화동
202,86,110,2874,3514,87,29,2,0,37.5560495,126.9071099,망원1동
203,82,78,2387,2737,72,35,0,1,37.5617831,126.90143,망원2동
204,121,132,3881,4333,81,56,2,0,37.5783412,126.8946894389134,상암동
205,133,100,4514,4149,78,29,2,0,37.5484751,126.9157372,서강동
206,83,87,5455,5669,112,33,1,0,37.5557969,126.9142709,서교동
207,75,105,2989,3266,83,34,2,0,37.5633684,126.907893603741,성산1동
208,213,209,5529,6159,146,55,1,2,37.5685917,126.908993283842,성산2동
209,156,114,3111,3681,96,36,2,0,37.5484751,126.9157372,신수동
210,310,93,3558,3994,148,28,2,2,37.5471157,126.9521891,아현동
211,57,62,2877,3396,80,20,2,1,37.565249,126.9226214,연남동
212,61,55,6807,2133,69,20,2,1,37.5553168,126.9465406,염리동
213,160,78,2845,3021,90,32,2,0,37.5428,126.94372,용강동
214,90,65,2921,3394,93,19,2,1,37.5505137,126.9054768,합정동
215,124,50,1682,2037,31,14,0,1,37.5744472,126.9184977,남가좌1동
216,157,147,3814,3930,97,52,2,0,37.5784404,126.9238857,남가좌2동
217,118,87,1848,2205,41,21,0,1,37.5733702,126.9115745,북가좌1동
218,141,182,3449,4215,96,68,2,2,37.5814047,126.9087115,북가좌2동
219,147,67,2284,2860,59,15,0,1,37.55943405,126.9569920287671,북아현동
220,55,68,6664,5957,82,22,1,0,37.5591393,126.9434279,신촌동
221,138,211,5492,6499,137,49,1,2,37.5913488,126.9398535,연희동
222,108,116,2126,2555,83,21,0,0,37.5666295,126.9246236,천연동
223,84,121,2926,3025,84,23,2,0,37.5647995,126.9547025,충현동
224,99,155,2604,2736,69,25,0,0,37.5988595,126.9471727020396,홍은1동
225,108,162,3552,3840,94,37,2,0,37.5801524,126.9341838,홍은2동
226,119,107,2891,3359,72,38,2,0,37.5960059,126.9388009,홍제1동
227,71,85,1502,1898,53,22,0,1,37.5861065,126.9493764,홍제2동
228,64,118,1650,1945,44,22,0,1,37.5937788,126.9497219,홍제3동
229,115,82,2447,2940,64,30,0,0,37.4621928,127.0526352,내곡동
230,170,77,7591,5451,97,37,1,2,37.50508325,127.0133939073663,반포1동
231,78,33,1950,2206,19,16,0,1,37.50457255000001,126.9945102758296,반포2동
232,129,55,2887,3038,43,20,2,1,37.5083279,127.0032639,반포3동
233,110,66,2916,3091,64,24,2,1,37.4990959,127.0000948,반포4동
234,30,24,751,10467,27,6,2,1,37.5100644,127.0195318,반포본동
235,96,63,2827,3185,81,27,2,1,37.483853,126.9944125,방배1동
236,109,93,3108,3908,77,26,2,0,37.4823647,126.9856137,방배2동
237,102,82,4154,6589,58,22,1,0,37.4811119,126.9986796,방배3동
238,128,78,3682,3884,79,25,2,0,37.4751703,127.0017707,방배4동
239,85,79,3077,3178,50,26,2,1,37.4957394,126.9875352,방배본동
240,121,84,3727,4169,118,38,2,0,37.4927095,127.029035,서초1동
241,121,55,8616,3855,111,23,1,0,37.4920588,127.0249573964116,서초2동
242,155,116,6241,5743,172,40,1,2,37.4840597,127.0141351,서초3동
243,158,98,3773,4359,56,27,2,0,37.50266565,127.0221730780542,서초4동
244,243,171,5236,6664,167,50,1,2,37.4716352,127.0267078,양재1동
245,133,91,3675,4203,125,48,2,0,37.4705922,127.0412234,양재2동
246,155,86,3406,4847,61,23,2,0,37.5147005,127.0105924,잠원동
247,150,66,1619,2047,64,22,0,1,37.5582245,127.0325932,금호1가동
248,180,109,2534,3065,121,35,0,0,37.552556,127.0221257,금호2.3가동
249,128,71,1816,2164,58,22,0,1,37.5467287,127.0204442,금호4가동
250,115,101,2901,3324,96,36,2,0,37.56588,127.04575,마장동
251,41,41,3035,3019,43,16,2,1,37.5609,127.04555,사근동
252,109,82,3118,3127,83,30,2,0,37.542067,127.0496432,성수1가1동
253,66,45,1792,2496,46,14,0,1,37.5472871,127.0441186,성수1가2동
254,71,114,2120,2724,78,30,0,0,37.5455662,127.0272714,성수2가1동
255,57,43,1850,2261,48,21,0,1,37.5497734,127.053245,성수2가3동
256,40,55,1442,1593,48,22,0,1,37.5549166,127.069682,송정동
257,245,120,3486,4043,138,34,2,2,37.54348,127.01389,옥수동
258,159,86,2154,2597,73,25,0,0,37.5620869,127.0319789,왕십리2동
259,198,124,3813,4313,110,42,2,0,37.5679442,127.0255897821386,왕십리도선동
260,33,84,2069,2081,48,30,0,1,37.563863,127.0548293,용답동
261,94,57,1662,2014,44,25,0,1,37.54348,127.01389,응봉동
262,99,60,2148,2253,51,27,0,1,37.5585385,127.0365353,행당1동
263,160,105,2272,2954,123,23,0,0,37.558229,127.0293506,행당2동
264,189,117,3395,4182,85,23,2,0,37.6146362,127.0165792,길음1동
265,128,69,2504,2752,61,30,0,1,37.6061647,127.0256465,길음2동
266,71,68,1536,2025,52,22,0,1,37.6074613,127.0055459,돈암1동
267,114,95,2210,2898,68,30,0,0,37.5980185,127.0105689,돈암2동
268,47,63,3447,3472,56,24,2,1,37.59398735,127.0204361,동선동
269,82,84,2282,2541,60,28,0,1,37.5798459,127.0234001,보문동
270,68,133,3191,3659,78,43,2,0,37.5908535,127.0146619,삼선동
271,162,231,4406,4801,144,53,2,2,37.6049647,127.045229,석관동
272,71,105,2382,2608,71,15,0,1,37.5887605,127.0050308,성북동
273,37,67,3416,3414,48,27,2,1,37.586034,127.021375,안암동
274,138,125,2528,2855,74,44,0,0,37.61056395,127.0357600359999,월곡1동
275,75,113,2807,3149,72,34,2,0,37.6049647,127.045229,월곡2동
276,70,129,6741,2490,83,39,2,0,37.61373,127.03915,장위1동
277,41,100,1927,1842,65,16,0,1,37.609865,127.0524123,장위2동
278,149,92,2312,3654,55,37,2,0,37.6167394,127.0570781,장위3동
279,90,71,2304,2688,65,29,0,1,37.6014313,127.0166804,정릉1동
280,119,130,2656,2960,78,36,0,0,37.6044694,127.0111539,정릉2동
281,67,100,2319,2623,69,20,0,1,37.6085444,127.003904,정릉3동
282,134,149,2622,3131,72,46,0,0,37.6063255,127.0104128,정릉4동
283,189,224,4069,4650,115,51,2,2,37.5919701,127.0365575,종암동
284,326,66,5806,6542,115,34,1,2,37.4980968,127.1037991,가락1동
285,181,95,4201,4992,108,36,2,0,37.4975793,127.1271081,가락2동
286,191,85,3954,4800,122,38,2,0,37.494596,127.1205972,가락본동
287,48,46,1667,2056,53,25,0,1,37.4959276,127.1412445,거여1동
288,95,86,2322,2725,87,37,0,0,37.4935399,127.1468628,거여2동
289,50,152,2109,2710,40,49,0,0,37.4919452,127.15442,마천1동
290,60,129,2133,2732,57,35,0,0,37.4919452,127.15442,마천2동
291,126,77,2863,3538,90,31,2,0,37.50542,127.1391,문정1동
292,183,81,6309,6830,224,46,1,2,37.5041995,127.1302592,문정2동
293,63,56,2141,2617,63,28,0,1,37.5109882,127.1239088,방이1동
294,142,94,6303,6002,161,50,1,2,37.5026982,127.0993482,방이2동
295,165,108,5018,6135,176,54,1,2,37.5027234,127.0925526,삼전동
296,187,94,5358,6269,209,48,1,2,37.5041198,127.1040452,석촌동
297,175,81,4359,5282,158,31,2,2,37.5058895,127.1098693,송파1동
298,95,77,2344,3833,52,25,2,1,37.502328,127.116687,송파2동
299,209,175,4937,5996,115,57,1,2,37.5033781,127.1286118,오금동
300,46,47,1820,2227,26,17,0,1,37.521128,127.1337542,오륜동
301,295,55,13142,4566,71,31,1,2,37.4742312,127.1434465,위례동
302,169,70,4139,4993,64,23,2,0,37.5119198,127.0885141598288,잠실2동
303,170,94,4361,5234,58,40,2,0,37.5133081,127.094409242774,잠실3동
304,113,52,2432,2689,40,9,0,1,37.520124,127.112382176712,잠실4동
305,95,44,2075,2406,56,16,0,1,37.5169432,127.1006198,잠실6동
306,34,42,975,1238,18,11,0,1,37.5068569,127.0746595,잠실7동
307,143,105,5321,5841,131,52,1,2,37.5067395,127.0855685,잠실본동
308,210,124,4416,5128,135,50,2,2,37.4864094,127.1328252,장지동
309,76,69,1415,2313,50,26,0,1,37.5382184,127.1219867,풍납1동
310,144,96,3261,3957,95,24,2,0,37.528733,127.116806,풍납2동
311,100,81,3332,4142,84,37,2,0,37.53037915,126.871157218058,목1동
312,178,121,4189,4662,144,42,2,2,37.5461269,126.8716981945392,목2동
313,157,103,3158,3773,107,32,2,0,37.5447128,126.8644592990214,목3동
314,66,98,2987,3471,60,42,2,0,37.5324073,126.8683621,목4동
315,98,106,4077,5024,52,21,2,0,37.53719715,126.8817296558076,목5동
316,80,125,2377,2734,94,53,0,0,37.51924,126.85754,신월1동
317,100,116,2205,2776,69,43,0,0,37.5192067,126.8706968,신월2동
318,67,116,1924,2358,52,56,0,0,37.51514135,126.854808789051,신월3동
319,85,81,1586,2001,42,32,0,1,37.5240393,126.8587822,신월4동
320,84,69,1849,2204,50,31,0,1,37.51706595,126.8644757540225,신월5동
321,83,31,1599,1493,73,17,0,1,37.5348099,126.8783553,신월6동
322,72,146,2220,2861,70,38,0,0,37.5325257,126.831595,신월7동
323,62,75,2381,2875,35,24,0,1,37.5262271,126.8483313,신정1동
324,36,86,2035,2421,29,18,0,1,37.5319091,126.8276744,신정2동
325,255,187,8459,5231,151,80,1,2,37.51514135,126.854808789051,신정3동
326,145,172,4549,5196,112,54,2,2,37.5371607,126.8291793,신정4동
327,86,68,2725,3201,62,19,2,1,37.517354,126.86448,신정6동
328,121,140,3300,4019,73,44,2,0,37.5214641,126.8361532,신정7동
329,135,85,3591,3940,155,39,2,0,37.5246737,126.897616,당산1동
330,256,127,6580,6517,187,49,1,2,37.5183839,126.8948726,당산2동
331,43,69,1658,1919,57,23,0,1,37.49274,126.90365,대림1동
332,40,50,1635,2044,42,26,0,1,37.4927457,126.8982706,대림2동
333,125,106,2479,3075,98,24,0,0,37.4982976,126.8980585,대림3동
334,110,98,2632,3007,117,27,0,0,37.5092232,126.8949478,도림동
335,272,118,3646,4137,198,38,2,2,37.5168505,126.8992168,문래동
336,64,128,3389,3296,98,32,2,0,37.5127629,126.9221459,신길1동
337,82,94,2100,2321,52,20,0,1,37.5077217,126.9076467,신길3동
338,28,61,1666,1370,52,10,0,1,37.5069745,126.9138037,신길4동
339,55,64,1282,1745,62,15,0,1,37.50160715,126.9052434681105,신길5동
340,97,89,4100,2980,102,29,2,0,37.4993739,126.9098518,신길6동
341,155,54,3420,3698,79,19,2,0,37.5063831,126.9214518,신길7동
342,173,80,4037,3205,159,25,2,0,37.5242156,126.8881595,양평1동
343,202,76,3529,3600,171,31,2,0,37.5386996,126.8964016,양평2동
344,191,133,3837,4579,108,43,2,0,37.5176571,126.934559599494,여의동
345,160,175,8085,6648,252,55,1,2,37.5195754,126.9122636,영등포동
346,108,139,2899,3027,90,35,2,0,37.5144067,126.910022,영등포본동
347,16,84,1777,1714,26,26,0,1,37.54574635,126.9748285242405,남영동
348,36,92,1958,2430,54,22,0,1,37.5290252,126.9920025,보광동
349,56,62,2185,2248,31,18,0,1,37.5198,126.9829,서빙고동
350,61,57,1634,2019,50,16,0,1,37.5378177,126.9562536,용문동
351,30,50,1227,1536,60,9,0,1,37.546128,126.9855719,용산2가동
352,139,66,3177,3275,98,22,2,0,37.5372658,126.9677293,원효로1동
353,82,63,1863,2097,65,17,0,1,37.5338578,126.9518669,원효로2동
354,177,111,2574,4575,79,22,2,0,37.5211598,126.9728621,이촌1동
355,84,54,1133,1491,35,12,0,1,37.526192,126.9551755,이촌2동
356,17,48,1248,1360,33,8,0,1,37.5330546,126.9944068,이태원1동
357,27,53,1404,1492,35,10,0,1,37.5416891,126.9906339,이태원2동
358,62,109,3405,3490,79,31,2,0,37.5453328,126.9674888,청파동
359,116,66,5600,3927,126,45,2,0,37.5281196,126.9692003704209,한강로동
360,112,92,3144,3593,103,41,2,0,37.53462385,127.0005160667444,한남동
361,77,38,1612,1747,50,17,0,1,37.54246375,126.961888497125,효창동
362,84,100,2070,2578,71,36,0,0,37.5496447,126.9774587,후암동
363,78,166,2581,3741,81,40,2,0,37.6236538,126.9166665641447,갈현1동
364,107,170,3600,4118,88,46,2,0,37.6185062,126.9158164842187,갈현2동
365,110,269,4241,4363,94,49,2,2,37.6111833,126.9100301,구산동
366,239,215,5312,5725,162,55,1,2,37.5979948,126.9136836,녹번동
367,96,138,4320,4608,124,57,2,0,37.6136854,126.9206302,대조동
368,183,206,4679,5525,125,65,2,2,37.610389,126.9321126269629,불광1동
369,92,181,3529,4261,82,57,2,0,37.6263847,126.9272304,불광2동
370,39,58,2803,1266,52,22,0,1,37.594877,126.9103800940924,수색동
371,141,167,3363,3712,90,52,2,0,37.59778255,126.9118157675268,신사1동
372,69,104,2395,2819,60,29,0,1,37.5898793,126.9106113,신사2동
373,186,238,5845,6630,154,91,1,2,37.6208433,126.9244467,역촌동
374,157,138,6364,4239,141,47,1,2,37.5999132,126.926471,응암1동
375,260,98,3553,3322,92,41,2,0,37.59461935,126.9230958733867,응암2동
376,85,175,3250,3832,81,54,2,0,37.5922353,126.9157499812642,응암3동
377,75,90,1758,2071,42,29,0,1,37.5843584,126.907023146055,증산동
378,227,210,5676,6719,122,73,1,2,37.6349044,126.9210617,진관동
379,8,21,498,651,9,7,0,1,37.58002545,126.9848046483195,가회동
380,76,51,1565,1907,35,15,0,1,37.5718765,126.9619404998649,교남동
381,39,24,904,1049,17,3,0,1,37.5749571,126.9580276,무악동
382,21,45,1075,1369,35,7,0,1,37.5928744,126.9643098,부암동
383,28,46,1686,1669,42,16,0,1,37.57619145,126.96882915,사직동
384,9,24,302,391,11,6,0,1,37.5849793,126.9817816272911,삼청동
385,28,41,842,984,18,8,0,1,37.5795738,127.0152701,숭인1동
386,28,66,2209,2010,38,16,0,1,37.5753495,127.0198525,숭인2동
387,28,63,1320,1500,35,7,0,1,37.57697485,127.0043164211567,이화동
388,14,81,1838,1746,28,21,0,1,37.5707276,126.9889123,종로1.2.3.4가동
389,8,40,1133,1167,16,14,0,1,37.5720378,127.0050662,종로5·6가동
390,11,36,709,807,20,13,0,1,37.5795738,127.0152701,창신1동
391,26,69,717,947,21,16,0,1,37.5727054,127.0107733,창신2동
392,36,30,741,978,30,8,0,1,37.5795738,127.0152701,창신3동
393,57,54,1406,1671,31,16,0,1,37.5840835,126.9706357,청운효자동
394,71,104,2239,2319,46,21,0,1,37.6063535,126.9683005625856,평창동
395,41,72,3020,3263,46,10,2,1,37.586829,127.0006022,혜화동
396,15,32,1196,1031,35,18,0,1,37.561279,126.9899418,광희동
397,66,60,1968,2306,63,29,0,1,37.5543101,127.0083037,다산동
398,68,54,1058,1349,23,12,0,1,37.558765,127.019755,동화동
399,7,16,630,576,6,7,0,1,37.5600403,126.9858441496924,명동
400,16,6,715,514,11,5,0,1,37.5629075,126.977303,소공동
401,53,61,1584,1649,45,22,0,1,37.5650724,127.0218508,신당5동
402,32,51,1612,1549,51,27,0,1,37.567665,127.0160853,신당동
403,90,101,2272,2549,65,27,0,1,37.552466,127.0090055,약수동
404,7,17,557,567,12,2,0,1,37.566884,126.9919783,을지로동
405,13,26,981,1020,21,8,0,1,37.561904,127.007731,장충동
406,131,76,1811,2169,70,17,0,1,37.5596724,126.9666088,중림동
407,80,88,1522,1885,76,12,0,1,37.5570674,127.0147029,청구동
408,9,22,909,855,17,8,0,1,37.5604895,126.9947912,필동
409,92,55,2405,2342,80,29,0,1,37.5674459,127.0213693154367,황학동
410,11,58,697,765,15,10,0,1,37.557318,126.97929,회현동
411,66,110,2105,2733,60,57,0,0,37.6056885,127.1008639,망우3동
412,123,200,6452,4428,123,68,1,2,37.60056585,127.1015047176089,망우본동
413,106,155,2834,3459,159,68,2,0,37.5897636,127.0790416,면목2동
414,89,124,3477,4050,80,47,2,0,37.5829594,127.0880821,면목3.8동
415,87,100,2921,2668,70,36,0,0,37.5945908,127.0859844,면목4동
416,68,54,1936,1660,58,21,0,1,37.6000886,127.0793834,면목5동
417,125,121,2788,3317,86,48,2,0,37.5945908,127.0859844,면목7동
418,164,195,4615,5452,140,65,2,2,37.587364,127.087499,면목본동
419,155,169,4050,4910,122,50,2,2,37.6137081,127.0787915,묵1동
420,97,104,2394,2996,76,44,0,0,37.6096085,127.0760267,묵2동
421,130,135,2874,3567,122,52,2,0,37.5992868,127.0876858152927,상봉1동
422,126,96,4437,4029,160,44,2,0,37.5893617,127.07421,상봉2동
423,183,249,3719,4709,95,49,2,2,37.6059303,127.0995285669914,신내1동
424,132,139,2182,2903,74,39,0,0,37.60625615,127.0942087784985,신내2동
425,131,118,2619,3157,98,34,0,0,37.60114675,127.0806413557903,중화1동
426,91,176,3464,3919,95,49,2,0,37.6087589,127.0750519,중화2동
