자치구,동,구분,계,0~19세,20~39세,40~59세,60~79세,80세 이상
종로구,사직동,계,"9,630",1250,2731,3133,1950,566
종로구,사직동,한국인,"9,370",1233,2642,3007,1925,563
종로구,사직동,외국인,260,17,89,126,25,3
종로구,삼청동,계,"2,741",345,678,833,703,182
종로구,삼청동,한국인,"2,441",265,622,724,650,180
종로구,삼청동,외국인,300,80,56,109,53,2
종로구,부암동,계,"9,702",1328,2563,3256,2073,482
종로구,부암동,한국인,"9,488",1326,2399,3216,2065,482
종로구,부암동,외국인,214,2,164,40,8,0
종로구,평창동,계,"18,272",2724,"4,522","6,020",4046,960
종로구,평창동,한국인,"18,087",2712,"4,471","5,935",4012,957
종로구,평창동,외국인,185,12,51,85,34,3
종로구,무악동,계,"8,245",1600,1772,2829,1652,392
종로구,무악동,한국인,"8,210",1597,1758,2812,1651,392
종로구,무악동,외국인,35,3,14,17,1,0
종로구,교남동,계,"10,148",1627,2793,3410,1923,395
종로구,교남동,한국인,"9,989",1601,2737,3352,1906,393
종로구,교남동,외국인,159,26,56,58,17,2
종로구,가회동,계,"4,152",494,1043,1416,966,233
종로구,가회동,한국인,"4,045",477,1014,1370,951,233
종로구,가회동,외국인,107,17,29,46,15,0
종로구,종로1.2.3.4가동,계,"8,867",700,2541,2837,2310,479
종로구,종로1.2.3.4가동,한국인,"7,225",402,1927,2216,2205,475
종로구,종로1.2.3.4가동,외국인,"1,642",298,614,621,105,4
종로구,종로5.6가동,계,"5,464",309,2160,1490,1252,253
종로구,종로5.6가동,한국인,"5,080",294,1879,1421,1234,252
종로구,종로5.6가동,외국인,384,15,281,69,18,1
종로구,이화동,계,"7,697",581,3240,2005,1513,358
종로구,이화동,한국인,"7,226",563,2835,1963,1507,358
종로구,이화동,외국인,471,18,405,42,6,0
종로구,창신1동,계,"5,640",364,1640,1757,1599,280
종로구,창신1동,한국인,"4,908",332,1190,1556,1551,279
종로구,창신1동,외국인,732,32,450,201,48,1
종로구,창신2동,계,"8,984",645,2698,2976,2286,379
종로구,창신2동,한국인,"7,866",609,1994,2705,2184,374
종로구,창신2동,외국인,"1,118",36,704,271,102,5
종로구,창신3동,계,"6,668",827,1878,2138,1536,289
종로구,창신3동,한국인,"6,513",812,1782,2099,1532,288
종로구,창신3동,외국인,155,15,96,39,4,1
종로구,숭인1동,계,"6,126",590,1710,2094,1450,282
종로구,숭인1동,한국인,"5,843",576,1555,1999,1431,282
종로구,숭인1동,외국인,283,14,155,95,19,0
종로구,숭인2동,계,"10,266",613,4283,2897,2124,349
종로구,숭인2동,한국인,"9,697",593,3872,2786,2097,349
종로구,숭인2동,외국인,569,20,411,111,27,0
종로구,청운효자동,계,"12,100",1889,3138,4077,2387,609
종로구,청운효자동,한국인,"11,904",1863,3085,3991,2358,607
종로구,청운효자동,외국인,196,26,53,86,29,2
종로구,혜화동,계,"18,982",2020,8780,"4,515",2861,806
종로구,혜화동,한국인,"16,383",1948,6341,"4,446",2843,805
종로구,혜화동,외국인,"2,599",72,2439,69,18,1
중구,소공동,계,"3,423",536,1105,1279,449,54
중구,소공동,한국인,"2,252",294,761,808,342,47
중구,소공동,외국인,"1,171",242,344,471,107,7
중구,회현동,계,"5,394",488,1172,1763,1663,308
중구,회현동,한국인,"4,742",391,1003,1509,1542,297
중구,회현동,외국인,652,97,169,254,121,11
중구,명동,계,"3,726",303,1198,1155,895,175
중구,명동,한국인,"2,849",219,751,886,822,171
중구,명동,외국인,877,84,447,269,73,4
중구,필동,계,"4,630",392,1891,1102,980,265
중구,필동,한국인,"4,043",375,1397,1045,963,263
중구,필동,외국인,587,17,494,57,17,2
중구,장충동,계,"5,301",496,2370,1266,938,231
중구,장충동,한국인,"4,608",448,1857,1171,903,229
중구,장충동,외국인,693,48,513,95,35,2
중구,광희동,계,"6,326",382,2623,1654,1432,235
중구,광희동,한국인,"5,244",304,1959,1399,1352,230
중구,광희동,외국인,"1,082",78,664,255,80,5
중구,을지로동,계,"1,932",75,685,496,579,97
중구,을지로동,한국인,"1,746",71,556,458,566,95
중구,을지로동,외국인,186,4,129,38,13,2
중구,신당5동,계,"10,640",1069,3476,3465,2201,429
중구,신당5동,한국인,"10,303",1051,3292,3372,2160,428
중구,신당5동,외국인,337,18,184,93,41,1
중구,황학동,계,"13,481",1273,"5,397",3866,2516,429
중구,황학동,한국인,"12,623",1182,"4,970",3612,2434,425
중구,황학동,외국인,858,91,427,254,82,4
중구,중림동,계,"12,283",1724,"3,551",4006,2509,493
중구,중림동,한국인,"11,964",1687,"3,407",3900,2480,490
중구,중림동,외국인,319,37,144,106,29,3
중구,신당동,계,"9,116",603,3624,2696,1852,341
중구,신당동,한국인,"7,698",533,2718,2368,1739,340
중구,신당동,외국인,"1,418",70,906,328,113,1
중구,다산동,계,"14,193",1289,"4,720","4,226",3281,677
중구,다산동,한국인,"13,723",1246,4458,"4,098",3244,677
중구,다산동,외국인,470,43,262,128,37,0
중구,약수동,계,"16,847",1933,"4,361","5,204",4317,1032
중구,약수동,한국인,"16,638",1898,"4,296","5,122",4293,1029
중구,약수동,외국인,209,35,65,82,24,3
중구,청구동,계,"13,769",1547,"4,083","4,177",3215,747
중구,청구동,한국인,"13,521",1519,3953,"4,095",3208,746
중구,청구동,외국인,248,28,130,82,7,1
중구,동화동,계,"10,389",1451,2685,3419,2305,529
중구,동화동,한국인,"10,219",1432,2600,3373,2286,528
중구,동화동,외국인,170,19,85,46,19,1
용산구,후암동,계,"17,220",2056,"5,291","5,480",3632,761
용산구,후암동,한국인,"16,765",2005,"5,147","5,292",3567,754
용산구,후암동,외국인,455,51,144,188,65,7
용산구,용산2가동,계,"10,779",948,3885,3055,2347,544
용산구,용산2가동,한국인,"9,399",785,3135,2659,2280,540
용산구,용산2가동,외국인,"1,380",163,750,396,67,4
용산구,남영동,계,"7,811",459,2213,2730,2069,340
용산구,남영동,한국인,"7,351",422,1984,2585,2023,337
용산구,남영동,외국인,460,37,229,145,46,3
용산구,원효로2동,계,"13,839",1965,"4,091","4,425",2766,592
용산구,원효로2동,한국인,"13,719",1954,"4,040","4,376",2758,591
용산구,원효로2동,외국인,120,11,51,49,8,1
용산구,효창동,계,"10,179",1453,3407,3152,1769,398
용산구,효창동,한국인,"10,059",1444,3334,3118,1766,397
용산구,효창동,외국인,120,9,73,34,3,1
용산구,용문동,계,"11,932",1418,3736,3717,2563,498
용산구,용문동,한국인,"11,818",1406,3697,3662,2557,496
용산구,용문동,외국인,114,12,39,55,6,2
용산구,이촌1동,계,"26,447","5,295","5,942","9,073",4695,1442
용산구,이촌1동,한국인,"25,750","5,112","5,805","8,784",4612,1437
용산구,이촌1동,외국인,697,183,137,289,83,5
용산구,이촌2동,계,"8,310",1008,2184,2574,2094,450
용산구,이촌2동,한국인,"8,242",995,2169,2548,2080,450
용산구,이촌2동,외국인,68,13,15,26,14,0
용산구,이태원1동,계,"8,068",706,3017,2334,1620,391
용산구,이태원1동,한국인,"6,332",474,2142,1801,1530,385
용산구,이태원1동,외국인,"1,736",232,875,533,90,6
용산구,이태원2동,계,"10,576",1111,"3,714",3162,2064,525
용산구,이태원2동,한국인,"8,947",846,3005,2610,1965,521
용산구,이태원2동,외국인,"1,629",265,709,552,99,4
용산구,서빙고동,계,"13,879",2428,3365,"4,990",2381,715
용산구,서빙고동,한국인,"12,997",2198,3156,4631,2302,710
용산구,서빙고동,외국인,882,230,209,359,79,5
용산구,보광동,계,"14,610",1266,"4,723","4,718",3235,668
용산구,보광동,한국인,"13,337",1095,4113,"4,292",3171,666
용산구,보광동,외국인,"1,273",171,610,426,64,2
용산구,청파동,계,"20,081",1721,"7,848","5,743",3951,818
용산구,청파동,한국인,"19,459",1691,"7,456","5,603",3893,816
용산구,청파동,외국인,622,30,392,140,58,2
용산구,원효로1동,계,"16,618",2253,"6,311","5,049",2574,431
용산구,원효로1동,한국인,"16,003",2142,"6,073","4,837",2523,428
용산구,원효로1동,외국인,615,111,238,212,51,3
용산구,한강로동,계,"23,286",2639,"8,790","6,926",4108,823
용산구,한강로동,한국인,"21,662",2238,"8,408","6,268",3931,817
용산구,한강로동,외국인,"1,624",401,382,658,177,6
용산구,한남동,계,"22,883",2756,"7,215","7,419",4548,945
용산구,한남동,한국인,"20,329",2236,"6,373","6,415",4366,939
용산구,한남동,외국인,"2,554",520,842,1004,182,6
성동구,왕십리2동,계,"16,730",2284,"5,360","5,255",3288,543
성동구,왕십리2동,한국인,"16,397",2264,"5,177","5,141",3272,543
성동구,왕십리2동,외국인,333,20,183,114,16,0
성동구,마장동,계,"22,975",2738,"7,809","6,581",4937,910
성동구,마장동,한국인,"22,375",2689,"7,452","6,421",4903,910
성동구,마장동,외국인,600,49,357,160,34,0
성동구,사근동,계,"13,627",1311,7782,2450,1703,381
성동구,사근동,한국인,"12,062",1267,6323,2402,1690,380
성동구,사근동,외국인,"1,565",44,1459,48,13,1
성동구,행당1동,계,"14,238",1963,"4,700","4,384",2687,504
성동구,행당1동,한국인,"13,923",1950,"4,479","4,322",2669,503
성동구,행당1동,외국인,315,13,221,62,18,1
성동구,행당2동,계,"23,273","3,675","6,297","7,738",4679,884
성동구,행당2동,한국인,"23,180","3,670","6,257","7,700",4671,882
성동구,행당2동,외국인,93,5,40,38,8,2
성동구,응봉동,계,"15,348",2681,"3,829","5,286",2910,642
성동구,응봉동,한국인,"15,299",2678,"3,813","5,258",2908,642
성동구,응봉동,외국인,49,3,16,28,2,0
성동구,금호1가동,계,"15,196",2258,"4,132","4,910",3289,607
성동구,금호1가동,한국인,"15,119",2254,"4,100","4,882",3276,607
성동구,금호1가동,외국인,77,4,32,28,13,0
성동구,금호4가동,계,"14,419",2218,"3,986",4710,2972,533
성동구,금호4가동,한국인,"14,293",2213,"3,927",4666,2955,532
성동구,금호4가동,외국인,126,5,59,44,17,1
성동구,성수1가1동,계,"16,792",2070,"5,500","5,450",3309,463
성동구,성수1가1동,한국인,"16,493",2042,"5,357","5,347",3286,461
성동구,성수1가1동,외국인,299,28,143,103,23,2
성동구,성수1가2동,계,"12,686",1509,"4,314",3890,2582,391
성동구,성수1가2동,한국인,"12,471",1490,"4,202",3831,2558,390
성동구,성수1가2동,외국인,215,19,112,59,24,1
성동구,성수2가1동,계,"16,138",1562,"4,742","5,186",4069,579
성동구,성수2가1동,한국인,"15,675",1536,"4,599","4,977",3985,578
성동구,성수2가1동,외국인,463,26,143,209,84,1
성동구,성수2가3동,계,"10,926",1046,3840,3222,2380,438
성동구,성수2가3동,한국인,"10,707",1035,3742,3140,2352,438
성동구,성수2가3동,외국인,219,11,98,82,28,0
성동구,송정동,계,"10,854",1031,3445,3494,2516,368
성동구,송정동,한국인,"10,479",1013,3267,3363,2469,367
성동구,송정동,외국인,375,18,178,131,47,1
성동구,용답동,계,"12,474",980,4522,"3,825",2662,485
성동구,용답동,한국인,"11,568",921,3987,"3,590",2587,483
성동구,용답동,외국인,906,59,535,235,75,2
성동구,왕십리도선동,계,"26,959",3816,"8,950","8,488",4783,922
성동구,왕십리도선동,한국인,"26,491",3779,"8,681","8,359",4752,920
성동구,왕십리도선동,외국인,468,37,269,129,31,2
성동구,금호2.3가동,계,"22,801",3053,"6,760","7,347",4747,894
성동구,금호2.3가동,한국인,"22,631",3042,"6,681","7,283",4731,894
성동구,금호2.3가동,외국인,170,11,79,64,16,0
성동구,옥수동,계,"26,173",4163,"7,503","8,378",5195,934
성동구,옥수동,한국인,"25,910",4123,"7,402","8,286",5169,930
성동구,옥수동,외국인,263,40,101,92,26,4
광진구,화양동,계,"26,567",1245,"17,606",4412,2792,512
광진구,화양동,한국인,"23,687",1146,"15,093",4209,2729,510
광진구,화양동,외국인,"2,880",99,2513,203,63,2
광진구,군자동,계,"21,341",1868,"9,543","5,420",3867,643
광진구,군자동,한국인,"19,529",1757,"8,050","5,258",3822,642
광진구,군자동,외국인,"1,812",111,1493,162,45,1
광진구,중곡1동,계,"15,761",1411,"5,890","4,626",3333,501
광진구,중곡1동,한국인,"15,401",1380,"5,741","4,484",3298,498
광진구,중곡1동,외국인,360,31,149,142,35,3
광진구,중곡2동,계,"21,650",2372,"7,657","6,525",4449,647
광진구,중곡2동,한국인,"21,334",2332,"7,512","6,422",4421,647
광진구,중곡2동,외국인,316,40,145,103,28,0
광진구,중곡3동,계,"16,301",1551,"5,347","5,057",3753,593
광진구,중곡3동,한국인,"16,071",1525,"5,251","4,975",3727,593
광진구,중곡3동,외국인,230,26,96,82,26,0
광진구,중곡4동,계,"28,806","3,106","8,511","9,232",6960,997
광진구,중곡4동,한국인,"28,442","3,035","8,350","9,119",6942,996
광진구,중곡4동,외국인,364,71,161,113,18,1
광진구,능동,계,"11,602",1051,"5,020",3127,2028,376
광진구,능동,한국인,"11,285",1010,"4,831",3061,2008,375
광진구,능동,외국인,317,41,189,66,20,1
광진구,구의1동,계,"23,481",2176,"9,594","6,841",4176,694
광진구,구의1동,한국인,"22,899",2104,"9,377","6,622",4103,693
광진구,구의1동,외국인,582,72,217,219,73,1
광진구,구의2동,계,"26,891","3,991","7,485","8,914",5591,910
광진구,구의2동,한국인,"26,423","3,877","7,296","8,778",5565,907
광진구,구의2동,외국인,468,114,189,136,26,3
광진구,구의3동,계,"28,756","4,178","9,012","9,231",5419,916
광진구,구의3동,한국인,"28,523","4,155","8,912","9,138",5402,916
광진구,구의3동,외국인,233,23,100,93,17,0
광진구,광장동,계,"34,719","8,351","7,542","13,097",4706,1023
광진구,광장동,한국인,"34,545","8,313","7,476","13,043",4691,1022
광진구,광장동,외국인,174,38,66,54,15,1
광진구,자양1동,계,"23,019",2376,"8,171","7,134",4565,773
광진구,자양1동,한국인,"22,183",2318,"7,869","6,771",4458,767
광진구,자양1동,외국인,836,58,302,363,107,6
광진구,자양2동,계,"24,768",3217,"7,352","7,983",5472,744
광진구,자양2동,한국인,"24,469",3181,"7,251","7,853",5440,744
광진구,자양2동,외국인,299,36,101,130,32,0
광진구,자양3동,계,"28,172","4,680","7,818","9,213",5396,1065
광진구,자양3동,한국인,"27,909","4,655","7,716","9,121",5354,1063
광진구,자양3동,외국인,263,25,102,92,42,2
광진구,자양4동,계,"21,276",1706,"7,123","6,638",5063,746
광진구,자양4동,한국인,"18,007",1495,"5,773","5,343",4658,738
광진구,자양4동,외국인,"3,269",211,1350,1295,405,8
동대문구,회기동,계,"12,924",1139,7116,2547,1670,452
동대문구,회기동,한국인,"10,581",1078,4915,2478,1659,451
동대문구,회기동,외국인,"2,343",61,2201,69,11,1
동대문구,휘경1동,계,"16,110",1664,"7,782",3673,2500,491
동대문구,휘경1동,한국인,"14,009",1602,"5,823",3611,2484,489
동대문구,휘경1동,외국인,"2,101",62,1959,62,16,2
동대문구,휘경2동,계,"24,857","3,223","8,961","6,949",4848,876
동대문구,휘경2동,한국인,"24,150","3,197","8,370","6,886",4822,875
동대문구,휘경2동,외국인,707,26,591,63,26,1
동대문구,청량리동,계,"19,216",1740,"4,409","5,669","6,175",1223
동대문구,청량리동,한국인,"18,761",1721,"4,199","5,507","6,117",1217
동대문구,청량리동,외국인,455,19,210,162,58,6
동대문구,용신동,계,"33,984",2919,"13,240","9,416","7,056",1353
동대문구,용신동,한국인,"32,540",2849,"12,336","9,072","6,935",1348
동대문구,용신동,외국인,"1,444",70,904,344,121,5
동대문구,제기동,계,"26,598",2412,"9,332","6,875","6,583",1396
동대문구,제기동,한국인,"24,650",2323,"7,728","6,677","6,527",1395
동대문구,제기동,외국인,"1,948",89,1604,198,56,1
동대문구,전농1동,계,"29,553","3,599","8,720","9,108","6,824",1302
동대문구,전농1동,한국인,"29,059","3,557","8,456","8,963","6,785",1298
동대문구,전농1동,외국인,494,42,264,145,39,4
동대문구,전농2동,계,"18,747",2788,"4,516","6,150",4398,895
동대문구,전농2동,한국인,"18,437",2774,"4,281","6,099",4388,895
동대문구,전농2동,외국인,310,14,235,51,10,0
동대문구,답십리2동,계,"28,376",3609,"7,849","8,881","6,803",1234
동대문구,답십리2동,한국인,"28,123",3592,"7,724","8,790","6,784",1233
동대문구,답십리2동,외국인,253,17,125,91,19,1
동대문구,장안1동,계,"38,712","4,945","11,621","12,361","8,567",1218
동대문구,장안1동,한국인,"38,158","4,892","11,379","12,153","8,520",1214
동대문구,장안1동,외국인,554,53,242,208,47,4
동대문구,장안2동,계,"32,761","5,484","8,776","10,755","6,781",965
동대문구,장안2동,한국인,"32,461","5,461","8,635","10,637","6,763",965
동대문구,장안2동,외국인,300,23,141,118,18,0
동대문구,이문1동,계,"21,054",2023,"9,631","4,983",3577,840
동대문구,이문1동,한국인,"18,156",1924,7078,"4,778",3539,837
동대문구,이문1동,외국인,"2,898",99,2553,205,38,3
동대문구,이문2동,계,"20,364",2897,"5,453","6,466",4662,886
동대문구,이문2동,한국인,"19,941",2861,"5,191","6,364",4641,884
동대문구,이문2동,외국인,423,36,262,102,21,2
동대문구,답십리1동,계,"29,336",4655,"9,346","9,136",5256,943
동대문구,답십리1동,한국인,"28,956",4609,"9,157","9,021",5227,942
동대문구,답십리1동,외국인,380,46,189,115,29,1
중랑구,면목2동,계,"24,449",2601,"6,673","8,280",5948,947
중랑구,면목2동,한국인,"24,095",2560,"6,497","8,173",5918,947
중랑구,면목2동,외국인,354,41,176,107,30,0
중랑구,면목4동,계,"19,215",2209,"5,180","6,238",4852,736
중랑구,면목4동,한국인,"18,938",2176,"5,049","6,147",4831,735
중랑구,면목4동,외국인,277,33,131,91,21,1
중랑구,면목5동,계,"14,959",2262,"4,437","4,813",3025,422
중랑구,면목5동,한국인,"14,843",2252,"4,385","4,771",3013,422
중랑구,면목5동,외국인,116,10,52,42,12,0
중랑구,면목7동,계,"22,027",2305,"6,307","6,954",5637,824
중랑구,면목7동,한국인,"21,713",2269,"6,167","6,839",5615,823
중랑구,면목7동,외국인,314,36,140,115,22,1
중랑구,상봉1동,계,"24,017",3474,"6,895","7,640",5172,836
중랑구,상봉1동,한국인,"23,877",3461,"6,821","7,595",5164,836
중랑구,상봉1동,외국인,140,13,74,45,8,0
중랑구,상봉2동,계,"20,558",1485,"8,851","5,659",3957,606
중랑구,상봉2동,한국인,"20,250",1455,"8,697","5,551",3941,606
중랑구,상봉2동,외국인,308,30,154,108,16,0
중랑구,중화1동,계,"19,669",2336,"5,920","5,891",4843,679
중랑구,중화1동,한국인,"19,495",2322,"5,832","5,836",4826,679
중랑구,중화1동,외국인,174,14,88,55,17,0
중랑구,중화2동,계,"25,280",2121,"7,475","8,087",6516,1081
중랑구,중화2동,한국인,"24,829",2093,"7,284","7,915",6459,1078
중랑구,중화2동,외국인,451,28,191,172,57,3
중랑구,묵1동,계,"34,602","5,048","9,657","11,121","7,531",1245
중랑구,묵1동,한국인,"34,403","5,035","9,548","11,055","7,520",1245
중랑구,묵1동,외국인,199,13,109,66,11,0
중랑구,묵2동,계,"18,841",2056,"5,485","6,010",4583,707
중랑구,묵2동,한국인,"18,621",2034,"5,380","5,943",4557,707
중랑구,묵2동,외국인,220,22,105,67,26,0
중랑구,망우3동,계,"16,539",1738,4267,"5,417",4408,709
중랑구,망우3동,한국인,"16,210",1661,4091,"5,350",4399,709
중랑구,망우3동,외국인,329,77,176,67,9,0
중랑구,신내1동,계,"38,522","6,551","9,431","12,178","8,804",1558
중랑구,신내1동,한국인,"38,381","6,541","9,362","12,128","8,792",1558
중랑구,신내1동,외국인,141,10,69,50,12,0
중랑구,신내2동,계,"20,311",2744,"5,132","6,448",5049,938
중랑구,신내2동,한국인,"20,222",2742,"5,082","6,420",5040,938
중랑구,신내2동,외국인,89,2,50,28,9,0
중랑구,면목본동,계,"34,129","3,187","10,727","11,028","7,947",1240
중랑구,면목본동,한국인,"33,427",3124,"10,347","10,819","7,897",1240
중랑구,면목본동,외국인,702,63,380,209,50,0
중랑구,면목3.8동,계,"24,989",2379,"7,230","7,949",6417,1014
중랑구,면목3.8동,한국인,"24,591",2333,"7,017","7,837",6390,1014
중랑구,면목3.8동,외국인,398,46,213,112,27,0
중랑구,망우본동,계,"35,493","4,604","10,491","10,674","8,354",1370
중랑구,망우본동,한국인,"35,148","4,563","10,335","10,559","8,323",1368
중랑구,망우본동,외국인,345,41,156,115,31,2
성북구,돈암1동,계,"14,640",1967,3877,"4,655",3469,672
성북구,돈암1동,한국인,"14,542",1964,3812,"4,627",3467,672
성북구,돈암1동,외국인,98,3,65,28,2,0
성북구,돈암2동,계,"23,817","4,544","5,724","8,399",4251,899
성북구,돈암2동,한국인,"23,725","4,532","5,689","8,361",4244,899
성북구,돈암2동,외국인,92,12,35,38,7,0
성북구,안암동,계,"16,809",1425,8762,3608,2474,540
성북구,안암동,한국인,"15,194",1312,7394,3506,2443,539
성북구,안암동,외국인,"1,615",113,1368,102,31,1
성북구,보문동,계,"15,753",1897,"5,375","4,887",3041,553
성북구,보문동,한국인,"15,408",1859,"5,167","4,811",3018,553
성북구,보문동,외국인,345,38,208,76,23,0
성북구,정릉1동,계,"18,290",3065,"4,811","5,969",3685,760
성북구,정릉1동,한국인,"18,102",3061,"4,680","5,928",3674,759
성북구,정릉1동,외국인,188,4,131,41,11,1
성북구,정릉2동,계,"23,130","3,149","6,325","7,245",5403,1008
성북구,정릉2동,한국인,"22,921","3,142","6,180","7,209",5383,1007
성북구,정릉2동,외국인,209,7,145,36,20,1
성북구,정릉3동,계,"16,308",1588,6023,"4,092",3747,858
성북구,정릉3동,한국인,"15,269",1535,5083,"4,049",3744,858
성북구,정릉3동,외국인,"1,039",53,940,43,3,0
성북구,정릉4동,계,"25,135","3,499","6,507","8,241",5776,1112
성북구,정릉4동,한국인,"24,745","3,486","6,200","8,184",5764,1111
성북구,정릉4동,외국인,390,13,307,57,12,1
성북구,길음1동,계,"35,128","8,366","7,437","12,865",5423,1037
성북구,길음1동,한국인,"34,973","8,339","7,388","12,799",5412,1035
성북구,길음1동,외국인,155,27,49,66,11,2
성북구,길음2동,계,"20,779",3959,"5,411","7,115",3710,584
성북구,길음2동,한국인,"20,648",3955,"5,340","7,072",3697,584
성북구,길음2동,외국인,131,4,71,43,13,0
성북구,월곡1동,계,"26,408","4,378","6,460","8,727",5813,1030
성북구,월곡1동,한국인,"26,215","4,366","6,371","8,652",5796,1030
성북구,월곡1동,외국인,193,12,89,75,17,0
성북구,월곡2동,계,"19,914",2476,"6,496","5,761",4347,834
성북구,월곡2동,한국인,"19,434",2418,"6,164","5,685",4335,832
성북구,월곡2동,외국인,480,58,332,76,12,2
성북구,장위1동,계,"24,344",3551,"6,736","7,912",5265,880
성북구,장위1동,한국인,"24,154",3537,"6,636","7,850",5252,879
성북구,장위1동,외국인,190,14,100,62,13,1
성북구,장위2동,계,"13,937",1424,3859,"4,275",3673,706
성북구,장위2동,한국인,"13,697",1380,3738,"4,215",3658,706
성북구,장위2동,외국인,240,44,121,60,15,0
성북구,장위3동,계,"15,868",2949,"4,475","5,145",2898,401
성북구,장위3동,한국인,"15,746",2942,"4,389","5,119",2895,401
성북구,장위3동,외국인,122,7,86,26,3,0
성북구,성북동,계,"17,023",1913,"5,399","5,394",3429,888
성북구,성북동,한국인,"16,501",1832,"5,220","5,190",3375,884
성북구,성북동,외국인,522,81,179,204,54,4
성북구,삼선동,계,"23,428","2,790","7,877","7,148",4559,1054
성북구,삼선동,한국인,"22,878",2766,"7,436","7,086",4538,1052
성북구,삼선동,외국인,550,24,441,62,21,2
성북구,동선동,계,"16,143",1527,"7,577",3902,2553,584
성북구,동선동,한국인,"15,499",1494,"7,048",3842,2535,580
성북구,동선동,외국인,644,33,529,60,18,4
성북구,종암동,계,"40,053","6,014","11,736","12,592","7,885",1826
성북구,종암동,한국인,"38,522","5,906","10,491","12,446","7,854",1825
성북구,종암동,외국인,"1,531",108,1245,146,31,1
성북구,석관동,계,"35,773","4,026","10,414","10,924","8,839",1570
성북구,석관동,한국인,"34,977","3,959","9,907","10,745","8,800",1566
성북구,석관동,외국인,796,67,507,179,39,4
강북구,번1동,계,"18,791",1608,"6,031","5,884",4467,801
강북구,번1동,한국인,"18,418",1576,"5,798","5,800",4443,801
강북구,번1동,외국인,373,32,233,84,24,0
강북구,번2동,계,"15,725",1524,3823,"4,884",4621,873
강북구,번2동,한국인,"15,643",1521,3781,"4,854",4614,873
강북구,번2동,외국인,82,3,42,30,7,0
강북구,번3동,계,"16,751",2042,3407,"5,174","5,097",1031
강북구,번3동,한국인,"16,694",2041,3372,"5,157","5,093",1031
강북구,번3동,외국인,57,1,35,17,4,0
강북구,수유1동,계,"20,740",2142,"5,814","6,393",5381,1010
강북구,수유1동,한국인,"20,538",2130,"5,721","6,321",5356,1010
강북구,수유1동,외국인,202,12,93,72,25,0
강북구,수유2동,계,"21,323",2306,"5,421","6,678",5673,1245
강북구,수유2동,한국인,"21,180",2294,"5,354","6,631",5656,1245
강북구,수유2동,외국인,143,12,67,47,17,0
강북구,수유3동,계,"23,516",1829,"7,838","7,143",5690,1016
강북구,수유3동,한국인,"23,046",1805,"7,508","7,052",5665,1016
강북구,수유3동,외국인,470,24,330,91,25,0
강북구,삼양동,계,"23,611","2,982","5,879","7,692",6009,1049
강북구,삼양동,한국인,"23,438","2,970","5,789","7,630",6000,1049
강북구,삼양동,외국인,173,12,90,62,9,0
강북구,미아동,계,"21,898",1993,"6,714","6,614",5528,1049
강북구,미아동,한국인,"21,395",1951,"6,408","6,504",5487,1045
강북구,미아동,외국인,503,42,306,110,41,4
강북구,송중동,계,"29,818","3,360","8,247","9,529","7,451",1231
강북구,송중동,한국인,"29,258","3,321","7,922","9,382","7,404",1229
강북구,송중동,외국인,560,39,325,147,47,2
강북구,송천동,계,"26,497",2426,"6,616","8,520","7,577",1358
강북구,송천동,한국인,"26,081",2401,"6,431","8,385","7,510",1354
강북구,송천동,외국인,416,25,185,135,67,4
강북구,삼각산동,계,"31,175","6,513","6,803","11,301",5568,990
강북구,삼각산동,한국인,"31,065","6,505","6,761","11,261",5548,990
강북구,삼각산동,외국인,110,8,42,40,20,0
강북구,우이동,계,"20,578",2341,"5,091","6,405","5,535",1206
강북구,우이동,한국인,"20,443",2335,"5,030","6,352","5,523",1203
강북구,우이동,외국인,135,6,61,53,12,3
강북구,인수동,계,"30,401","3,418","7,581","9,468","8,304",1630
강북구,인수동,한국인,"30,185","3,409","7,472","9,388","8,288",1628
강북구,인수동,외국인,216,9,109,80,16,2
도봉구,쌍문1동,계,"21,618",2609,"5,586","6,814",5514,1095
도봉구,쌍문1동,한국인,"21,343",2600,"5,381","6,759",5508,1095
도봉구,쌍문1동,외국인,275,9,205,55,6,0
도봉구,쌍문2동,계,"18,824",2214,"4,951","5,933",4787,939
도봉구,쌍문2동,한국인,"18,692",2207,"4,879","5,889",4779,938
도봉구,쌍문2동,외국인,132,7,72,44,8,1
도봉구,쌍문3동,계,"16,871",1801,"4,856","5,276",4168,770
도봉구,쌍문3동,한국인,"16,728",1793,"4,778","5,231",4156,770
도봉구,쌍문3동,외국인,143,8,78,45,12,0
도봉구,쌍문4동,계,"18,555",2969,"4,632","6,138",4092,724
도봉구,쌍문4동,한국인,"18,519",2968,"4,612","6,127",4088,724
도봉구,쌍문4동,외국인,36,1,20,11,4,0
도봉구,방학1동,계,"28,813","3,521","7,212","9,400","7,495",1185
도봉구,방학1동,한국인,"28,581","3,517","7,065","9,336","7,478",1185
도봉구,방학1동,외국인,232,4,147,64,17,0
도봉구,방학2동,계,"19,760",2193,"4,711","6,433",5417,1006
도봉구,방학2동,한국인,"19,553",2181,"4,630","6,342",5394,1006
도봉구,방학2동,외국인,207,12,81,91,23,0
도봉구,방학3동,계,"26,952","4,363","6,117","8,663",6588,1221
도봉구,방학3동,한국인,"26,884","4,357","6,079","8,641",6586,1221
도봉구,방학3동,외국인,68,6,38,22,2,0
도봉구,창1동,계,"24,731","3,430","6,467","8,123",5558,1153
도봉구,창1동,한국인,"24,603","3,418","6,407","8,080",5546,1152
도봉구,창1동,외국인,128,12,60,43,12,1
도봉구,창2동,계,"29,214","3,742","8,073","9,559","6,651",1189
도봉구,창2동,한국인,"28,979","3,722","7,950","9,480","6,638",1189
도봉구,창2동,외국인,235,20,123,79,13,0
도봉구,창3동,계,"13,863",1672,3316,"4,590",3626,659
도봉구,창3동,한국인,"13,775",1662,3275,"4,559",3620,659
도봉구,창3동,외국인,88,10,41,31,6,0
도봉구,창4동,계,"26,503","4,103","6,773","9,018",5506,1103
도봉구,창4동,한국인,"26,413","4,090","6,725","8,993",5502,1103
도봉구,창4동,외국인,90,13,48,25,4,0
도봉구,창5동,계,"24,579","3,220","6,991","7,713",5643,1012
도봉구,창5동,한국인,"24,475","3,216","6,924","7,684",5640,1011
도봉구,창5동,외국인,104,4,67,29,3,1
도봉구,도봉1동,계,"21,032",1866,"4,733","6,503","6,658",1272
도봉구,도봉1동,한국인,"20,889",1855,"4,662","6,451","6,650",1271
도봉구,도봉1동,외국인,143,11,71,52,8,1
도봉구,도봉2동,계,"26,785",3058,"6,533","8,013","7,737",1444
도봉구,도봉2동,한국인,"26,664",3046,"6,481","7,962","7,731",1444
도봉구,도봉2동,외국인,121,12,52,51,6,0
노원구,월계1동,계,"22,153",2722,"6,741","6,688",5108,894
노원구,월계1동,한국인,"21,536",2696,"6,218","6,629",5099,894
노원구,월계1동,외국인,617,26,523,59,9,0
노원구,월계2동,계,"26,521","3,518","6,112","8,556","7,032",1303
노원구,월계2동,한국인,"26,390","3,507","6,059","8,494","7,028",1302
노원구,월계2동,외국인,131,11,53,62,4,1
노원구,월계3동,계,"29,883","4,079","7,916","9,168","7,326",1394
노원구,월계3동,한국인,"29,708","4,062","7,828","9,111","7,314",1393
노원구,월계3동,외국인,175,17,88,57,12,1
노원구,공릉2동,계,"42,389","7,644","13,069","13,097","7,396",1183
노원구,공릉2동,한국인,"41,780","7,595","12,601","13,029","7,372",1183
노원구,공릉2동,외국인,609,49,468,68,24,0
노원구,하계1동,계,"27,706","4,407","7,737","8,803",5604,1155
노원구,하계1동,한국인,"27,206","4,371","7,319","8,763",5598,1155
노원구,하계1동,외국인,500,36,418,40,6,0
노원구,하계2동,계,"21,855","3,975","5,347","7,637",4065,831
노원구,하계2동,한국인,"21,800","3,973","5,324","7,611",4061,831
노원구,하계2동,외국인,55,2,23,26,4,0
노원구,중계본동,계,"23,875","5,746",4834,"9,247",3415,633
노원구,중계본동,한국인,"23,822","5,744",4810,"9,227",3408,633
노원구,중계본동,외국인,53,2,24,20,7,0
노원구,중계1동,계,"26,733","7,283","4,853","10,779",3210,608
노원구,중계1동,한국인,"26,637","7,280","4,785","10,761",3203,608
노원구,중계1동,외국인,96,3,68,18,7,0
노원구,중계4동,계,"19,850","3,134",4335,"6,868",4537,976
노원구,중계4동,한국인,"19,784","3,129",4302,"6,851",4527,975
노원구,중계4동,외국인,66,5,33,17,10,1
노원구,상계1동,계,"38,030","5,252","9,690","12,331","9,202",1555
노원구,상계1동,한국인,"37,882","5,250","9,626","12,270","9,184",1552
노원구,상계1동,외국인,148,2,64,61,18,3
노원구,상계2동,계,"20,015","2,630","5,411","6,741",4464,769
노원구,상계2동,한국인,"19,857","2,620","5,324","6,686",4458,769
노원구,상계2동,외국인,158,10,87,55,6,0
노원구,상계5동,계,"23,971","2,920","5,906","7,843","6,115",1187
노원구,상계5동,한국인,"23,839","2,906","5,849","7,800","6,097",1187
노원구,상계5동,외국인,132,14,57,43,18,0
노원구,상계8동,계,"22,491",4035,"7,343","6,845",3590,678
노원구,상계8동,한국인,"22,438",4034,"7,315","6,824",3588,677
노원구,상계8동,외국인,53,1,28,21,2,1
노원구,상계9동,계,"20,346","3,122","5,310","6,808",4279,827
노원구,상계9동,한국인,"20,263","3,114","5,271","6,782",4270,826
노원구,상계9동,외국인,83,8,39,26,9,1
노원구,상계10동,계,"18,617",2832,"5,457","6,109",3595,624
노원구,상계10동,한국인,"18,562",2828,"5,424","6,092",3594,624
노원구,상계10동,외국인,55,4,33,17,1,0
노원구,상계3.4동,계,"26,033","3,233","5,832","8,367","7,160",1441
노원구,상계3.4동,한국인,"25,933","3,227","5,796","8,325","7,145",1440
노원구,상계3.4동,외국인,100,6,36,42,15,1
노원구,상계6.7동,계,"32,563","5,061","9,062","10,925",6237,1278
노원구,상계6.7동,한국인,"32,431","5,055","8,984","10,884",6230,1278
노원구,상계6.7동,외국인,132,6,78,41,7,0
노원구,중계2.3동,계,"34,026","4,726","8,078","11,022","8,265",1935
노원구,중계2.3동,한국인,"33,896","4,722","8,014","10,970","8,255",1935
노원구,중계2.3동,외국인,130,4,64,52,10,0
노원구,공릉1동,계,"37,388","4,433","12,254","10,914","8,484",1303
노원구,공릉1동,한국인,"36,722","4,406","11,724","10,831","8,458",1303
노원구,공릉1동,외국인,666,27,530,83,26,0
은평구,녹번동,계,"37,109","4,530","10,959","11,522","8,481",1617
은평구,녹번동,한국인,"36,747","4,507","10,797","11,409","8,423",1611
은평구,녹번동,외국인,362,23,162,113,58,6
은평구,불광1동,계,"38,695","4,661","10,531","12,353","9,220",1930
은평구,불광1동,한국인,"38,444","4,651","10,424","12,256","9,185",1928
은평구,불광1동,외국인,251,10,107,97,35,2
은평구,갈현1동,계,"21,768",2210,"6,308","6,807",5548,895
은평구,갈현1동,한국인,"21,572",2195,"6,223","6,728",5532,894
은평구,갈현1동,외국인,196,15,85,79,16,1
은평구,갈현2동,계,"28,374","3,700","8,126","9,266",6143,1139
은평구,갈현2동,한국인,"28,094","3,626","8,019","9,189",6124,1136
은평구,갈현2동,외국인,280,74,107,77,19,3
은평구,구산동,계,"32,338","4,379","8,381","10,587","7,619",1372
은평구,구산동,한국인,"32,095","4,349","8,272","10,502","7,601",1371
은평구,구산동,외국인,243,30,109,85,18,1
은평구,대조동,계,"27,167",2597,"9,177","8,088","6,035",1270
은평구,대조동,한국인,"26,875",2571,"9,046","7,995","5,995",1268
은평구,대조동,외국인,292,26,131,93,40,2
은평구,응암1동,계,"33,303","5,225","10,015","10,590","6,314",1159
은평구,응암1동,한국인,"32,996","5,206","9,854","10,490","6,288",1158
은평구,응암1동,외국인,307,19,161,100,26,1
은평구,응암2동,계,"28,258","5,582","7,434","9,454",4877,911
은평구,응암2동,한국인,"28,069","5,565","7,361","9,381",4854,908
은평구,응암2동,외국인,189,17,73,73,23,3
은평구,신사1동,계,"27,117","3,393","7,763","8,541",6347,1073
은평구,신사1동,한국인,"26,922","3,380","7,678","8,467",6325,1072
은평구,신사1동,외국인,195,13,85,74,22,1
은평구,신사2동,계,"20,059",2516,"5,500","6,377",4813,853
은평구,신사2동,한국인,"19,933",2504,"5,436","6,336",4806,851
은평구,신사2동,외국인,126,12,64,41,7,2
은평구,증산동,계,"15,085",1808,3962,"4,746",3899,670
은평구,증산동,한국인,"14,968",1798,3907,"4,709",3886,668
은평구,증산동,외국인,117,10,55,37,13,2
은평구,수색동,계,"13,246",1866,"3,756","4,214",2878,532
은평구,수색동,한국인,"13,184",1862,"3,727","4,193",2872,530
은평구,수색동,외국인,62,4,29,21,6,2
은평구,진관동,계,"55,605","11,257","13,248","18,923","10,217",1960
은평구,진관동,한국인,"55,394","11,253","13,149","18,830","10,203",1959
은평구,진관동,외국인,211,4,99,93,14,1
은평구,불광2동,계,"27,645",2629,"7,996","8,397","7,265",1358
은평구,불광2동,한국인,"27,397",2615,"7,908","8,290","7,228",1356
은평구,불광2동,외국인,248,14,88,107,37,2
은평구,응암3동,계,"24,608",2375,"6,946","7,472","6,379",1436
은평구,응암3동,한국인,"24,304",2338,"6,814","7,364","6,353",1435
은평구,응암3동,외국인,304,37,132,108,26,1
은평구,역촌동,계,"45,636","5,603","12,757","15,029","10,442",1805
은평구,역촌동,한국인,"45,265","5,570","12,588","14,900","10,407",1800
은평구,역촌동,외국인,371,33,169,129,35,5
서대문구,천연동,계,"17,222",2502,"4,474","5,694",3645,907
서대문구,천연동,한국인,"16,994",2481,"4,376","5,611",3621,905
서대문구,천연동,외국인,228,21,98,83,24,2
서대문구,홍제1동,계,"23,723",3207,"6,339","7,606",5394,1177
서대문구,홍제1동,한국인,"23,478",3187,"6,235","7,540",5344,1172
서대문구,홍제1동,외국인,245,20,104,66,50,5
서대문구,홍제3동,계,"17,490",2154,"4,639","5,368",4308,1021
서대문구,홍제3동,한국인,"17,339",2149,"4,582","5,308",4279,1021
서대문구,홍제3동,외국인,151,5,57,60,29,0
서대문구,홍제2동,계,"13,697",1719,3598,"4,335",3344,701
서대문구,홍제2동,한국인,"13,601",1713,3551,"4,306",3334,697
서대문구,홍제2동,외국인,96,6,47,29,10,4
서대문구,홍은1동,계,"22,895",3068,"5,944","7,299",5398,1186
서대문구,홍은1동,한국인,"22,667",3053,"5,806","7,248",5378,1182
서대문구,홍은1동,외국인,228,15,138,51,20,4
서대문구,홍은2동,계,"27,089","3,280","7,983","8,350",6092,1384
서대문구,홍은2동,한국인,"26,361","3,216","7,548","8,203",6019,1375
서대문구,홍은2동,외국인,728,64,435,147,73,9
서대문구,남가좌1동,계,"15,610",3532,"3,635",5347,2553,543
서대문구,남가좌1동,한국인,"15,394",3494,"3,567",5273,2519,541
서대문구,남가좌1동,외국인,216,38,68,74,34,2
서대문구,남가좌2동,계,"30,758","5,046","9,333","9,474","5,717",1188
서대문구,남가좌2동,한국인,"29,697","4,979","8,507","9,348",5679,1184
서대문구,남가좌2동,외국인,"1,061",67,826,126,38,4
서대문구,북가좌1동,계,"18,007",3213,"4,316","6,161",3605,712
서대문구,북가좌1동,한국인,"17,904",3209,"4,275","6,113",3597,710
서대문구,북가좌1동,외국인,103,4,41,48,8,2
서대문구,북가좌2동,계,"31,671","3,673","8,736","10,140","7,671",1451
서대문구,북가좌2동,한국인,"31,371","3,657","8,590","10,044","7,629",1451
서대문구,북가좌2동,외국인,300,16,146,96,42,0
서대문구,충현동,계,"20,722",2465,"6,873","6,339",4160,885
서대문구,충현동,한국인,"20,324",2435,"6,675","6,203",4127,884
서대문구,충현동,외국인,398,30,198,136,33,1
서대문구,북아현동,계,"16,123",2420,"5,028","5,308",2831,536
서대문구,북아현동,한국인,"15,824",2386,"4,904","5,208",2791,535
서대문구,북아현동,외국인,299,34,124,100,40,1
서대문구,신촌동,계,"24,469",1728,"15,644",4122,2374,601
서대문구,신촌동,한국인,"20,120",1612,"11,685",3901,2325,597
서대문구,신촌동,외국인,"4,349",116,3959,221,49,4
서대문구,연희동,계,"37,599","4,113","14,393","10,439","7,004",1650
서대문구,연희동,한국인,"34,792","3,790","12,935","9,778","6,689",1600
서대문구,연희동,외국인,"2,807",323,1458,661,315,50
마포구,용강동,계,"21,943",4209,"5,897","7,589",3488,760
마포구,용강동,한국인,"21,534",4175,"5,703","7,445",3454,757
마포구,용강동,외국인,409,34,194,144,34,3
마포구,대흥동,계,"15,976",1523,"7,267",4203,2413,570
마포구,대흥동,한국인,"14,549",1477,"6,069",4059,2379,565
마포구,대흥동,외국인,"1,427",46,1198,144,34,5
마포구,염리동,계,"17,742",3029,"5,899","5,746",2518,550
마포구,염리동,한국인,"16,849",2991,"5,182","5,633",2493,550
마포구,염리동,외국인,893,38,717,113,25,0
마포구,신수동,계,"22,833","3,538","7,002","7,464",4034,795
마포구,신수동,한국인,"22,493","3,512","6,788","7,386",4013,794
마포구,신수동,외국인,340,26,214,78,21,1
마포구,서교동,계,"26,912",2034,"13,284","6,920",3761,913
마포구,서교동,한국인,"24,952",1941,"11,666","6,719",3716,910
마포구,서교동,외국인,"1,960",93,1618,201,45,3
마포구,합정동,계,"17,631",1750,"7,103","4,995",3136,647
마포구,합정동,한국인,"17,287",1730,"6,874","4,920",3117,646
마포구,합정동,외국인,344,20,229,75,19,1
마포구,망원1동,계,"20,258",2190,"7,181","6,147",3978,762
마포구,망원1동,한국인,"19,937",2172,"7,011","6,044",3949,761
마포구,망원1동,외국인,321,18,170,103,29,1
마포구,망원2동,계,"18,723",2552,"5,713","6,070",3695,693
마포구,망원2동,한국인,"18,520",2543,"5,624","5,983",3679,691
마포구,망원2동,외국인,203,9,89,87,16,2
마포구,연남동,계,"16,002",1378,"6,836",4349,2807,632
마포구,연남동,한국인,"14,934",1295,"6,212",4148,2665,614
마포구,연남동,외국인,"1,068",83,624,201,142,18
마포구,성산1동,계,"19,235",2253,"6,560","6,153",3604,665
마포구,성산1동,한국인,"18,912",2232,"6,403","6,050",3569,658
마포구,성산1동,외국인,323,21,157,103,35,7
마포구,성산2동,계,"39,830","5,477","13,510","12,105","7,239",1499
마포구,성산2동,한국인,"39,526","5,464","13,297","12,048","7,222",1495
마포구,성산2동,외국인,304,13,213,57,17,4
마포구,상암동,계,"31,356","6,413","8,184","10,791",4992,976
마포구,상암동,한국인,"30,657","6,227","7,965","10,544",4945,976
마포구,상암동,외국인,699,186,219,247,47,0
마포구,도화동,계,"21,269",2912,"6,449","6,504",4397,1007
마포구,도화동,한국인,"21,019",2901,"6,342","6,418",4354,1004
마포구,도화동,외국인,250,11,107,86,43,3
마포구,서강동,계,"25,657",3445,"9,715","7,663",4007,827
마포구,서강동,한국인,"24,968",3419,"9,146","7,591",3986,826
마포구,서강동,외국인,689,26,569,72,21,1
마포구,공덕동,계,"37,726","4,426","12,779","11,746","7,259",1516
마포구,공덕동,한국인,"37,099","4,361","12,537","11,496","7,191",1514
마포구,공덕동,외국인,627,65,242,250,68,2
마포구,아현동,계,"25,536",4408,"7,843","8,348",4115,822
마포구,아현동,한국인,"25,095",4355,"7,645","8,205",4073,817
마포구,아현동,외국인,441,53,198,143,42,5
양천구,목1동,계,"30,696","7,739","6,165","11,675",4494,623
양천구,목1동,한국인,"30,552","7,730","6,101","11,620",4478,623
양천구,목1동,외국인,144,9,64,55,16,0
양천구,목2동,계,"30,056","3,954","10,109","9,403",5795,795
양천구,목2동,한국인,"29,829","3,947","9,986","9,326",5777,793
양천구,목2동,외국인,227,7,123,77,18,2
양천구,목3동,계,"22,021",2678,"7,269","6,761",4608,705
양천구,목3동,한국인,"21,874",2669,"7,200","6,708",4594,703
양천구,목3동,외국인,147,9,69,53,14,2
양천구,목4동,계,"25,441","4,395","6,815","9,227",4327,677
양천구,목4동,한국인,"25,265","4,379","6,750","9,147",4312,677
양천구,목4동,외국인,176,16,65,80,15,0
양천구,신월1동,계,"20,668",2120,"5,308","6,733",5760,747
양천구,신월1동,한국인,"20,397",2106,"5,219","6,607",5719,746
양천구,신월1동,외국인,271,14,89,126,41,1
양천구,신월2동,계,"20,714",3052,"5,334","6,553",5116,659
양천구,신월2동,한국인,"20,555",3036,"5,280","6,479",5101,659
양천구,신월2동,외국인,159,16,54,74,15,0
양천구,신월3동,계,"15,277",1843,3925,"4,922",4008,579
양천구,신월3동,한국인,"15,097",1821,3869,"4,846",3984,577
양천구,신월3동,외국인,180,22,56,76,24,2
양천구,신월4동,계,"17,897",2878,"4,294","5,826",4263,636
양천구,신월4동,한국인,"17,806",2872,"4,256","5,786",4256,636
양천구,신월4동,외국인,91,6,38,40,7,0
양천구,신월5동,계,"14,714",2063,4095,"4,725",3365,466
양천구,신월5동,한국인,"14,574",2048,4050,"4,666",3346,464
양천구,신월5동,외국인,140,15,45,59,19,2
양천구,신월6동,계,"13,871",2701,"3,993",4286,2603,288
양천구,신월6동,한국인,"13,821",2695,"3,978",4259,2601,288
양천구,신월6동,외국인,50,6,15,27,2,0
양천구,신월7동,계,"19,739",2123,"5,050","6,240",5366,960
양천구,신월7동,한국인,"19,600",2106,"5,011","6,174",5349,960
양천구,신월7동,외국인,139,17,39,66,17,0
양천구,신정1동,계,"20,337","4,626","4,167","7,483",3469,592
양천구,신정1동,한국인,"20,227","4,615","4,142","7,431",3450,589
양천구,신정1동,외국인,110,11,25,52,19,3
양천구,신정2동,계,"19,520","4,184",4054,"7,198",3526,558
양천구,신정2동,한국인,"19,415","4,181",4005,"7,153",3519,557
양천구,신정2동,외국인,105,3,49,45,7,1
양천구,신정3동,계,"50,271","9,224","12,369","17,175","9,993",1510
양천구,신정3동,한국인,"49,922","9,194","12,275","16,997","9,949",1507
양천구,신정3동,외국인,349,30,94,178,44,3
양천구,신정6동,계,"24,531","5,523","5,583","8,961",3935,529
양천구,신정6동,한국인,"24,508","5,523","5,571","8,951",3934,529
양천구,신정6동,외국인,23,0,12,10,1,0
양천구,신정7동,계,"29,030","5,130","6,355","10,128",6255,1162
양천구,신정7동,한국인,"28,874","5,126","6,289","10,063",6234,1162
양천구,신정7동,외국인,156,4,66,65,21,0
양천구,목5동,계,"41,103","10,394","7,836","15,552",6410,911
양천구,목5동,한국인,"41,022","10,389","7,780","15,536",6406,911
양천구,목5동,외국인,81,5,56,16,4,0
양천구,신정4동,계,"33,492","3,704","10,444","10,632","7,638",1074
양천구,신정4동,한국인,"32,844","3,654","10,208","10,338","7,570",1074
양천구,신정4동,외국인,648,50,236,294,68,0
강서구,염창동,계,"41,692","8,278","12,783","13,509",6317,805
강서구,염창동,한국인,"41,563","8,274","12,712","13,464",6310,803
강서구,염창동,외국인,129,4,71,45,7,2
강서구,등촌1동,계,"24,628",2471,"11,371","6,414",3497,875
강서구,등촌1동,한국인,"24,438",2456,"11,261","6,364",3482,875
강서구,등촌1동,외국인,190,15,110,50,15,0
강서구,등촌2동,계,"20,247",2670,"6,484","6,214",4296,583
강서구,등촌2동,한국인,"20,126",2661,"6,420","6,177",4285,583
강서구,등촌2동,외국인,121,9,64,37,11,0
강서구,등촌3동,계,"30,700","3,450","8,488","8,832","8,106",1824
강서구,등촌3동,한국인,"30,527","3,435","8,407","8,773","8,092",1820
강서구,등촌3동,외국인,173,15,81,59,14,4
강서구,화곡본동,계,"34,659","4,270","12,551","10,352",6589,897
강서구,화곡본동,한국인,"34,263","4,222","12,357","10,232",6557,895
강서구,화곡본동,외국인,396,48,194,120,32,2
강서구,화곡2동,계,"17,995",2400,"5,416","5,890",3800,489
강서구,화곡2동,한국인,"17,729",2358,"5,335","5,770",3780,486
강서구,화곡2동,외국인,266,42,81,120,20,3
강서구,화곡3동,계,"21,664",2772,"6,438","6,399",5324,731
강서구,화곡3동,한국인,"21,517",2765,"6,382","6,332",5308,730
강서구,화곡3동,외국인,147,7,56,67,16,1
강서구,화곡4동,계,"20,792",2333,"6,064","6,620",5056,719
강서구,화곡4동,한국인,"20,513",2305,"5,976","6,506",5007,719
강서구,화곡4동,외국인,279,28,88,114,49,0
강서구,화곡6동,계,"25,167",2664,"8,922","7,439",5434,708
강서구,화곡6동,한국인,"24,943",2653,"8,805","7,364",5415,706
강서구,화곡6동,외국인,224,11,117,75,19,2
강서구,화곡8동,계,"24,775",2687,"7,990","7,598",5749,751
강서구,화곡8동,한국인,"24,385",2645,"7,841","7,463",5689,747
강서구,화곡8동,외국인,390,42,149,135,60,4
강서구,가양1동,계,"34,435",3323,"17,040","8,809",4662,601
강서구,가양1동,한국인,"34,155",3316,"16,862","8,732",4647,598
강서구,가양1동,외국인,280,7,178,77,15,3
강서구,가양2동,계,"13,971",868,"3,867","3,333",4968,935
강서구,가양2동,한국인,"13,892",865,3813,"3,315",4964,935
강서구,가양2동,외국인,79,3,54,18,4,0
강서구,가양3동,계,"15,004",1182,"4,619","3,986",4373,844
강서구,가양3동,한국인,"14,906",1175,"4,583","3,943",4361,844
강서구,가양3동,외국인,98,7,36,43,12,0
강서구,발산1동,계,"36,393","7,766","8,513","12,760",6354,1000
강서구,발산1동,한국인,"36,210","7,749","8,457","12,663",6341,1000
강서구,발산1동,외국인,183,17,56,97,13,0
강서구,공항동,계,"31,297","5,532","9,647","9,535",5680,903
강서구,공항동,한국인,"30,684","5,493","9,458","9,248",5583,902
강서구,공항동,외국인,613,39,189,287,97,1
강서구,방화1동,계,"42,879","7,916","11,038","13,848","8,806",1271
강서구,방화1동,한국인,"42,641","7,905","10,945","13,743","8,778",1270
강서구,방화1동,외국인,238,11,93,105,28,1
강서구,방화2동,계,"23,523",2522,"7,187","6,795",5925,1094
강서구,방화2동,한국인,"23,240",2510,"7,058","6,679",5899,1094
강서구,방화2동,외국인,283,12,129,116,26,0
강서구,방화3동,계,"22,790",2602,"5,884","6,777",6285,1242
강서구,방화3동,한국인,"22,651",2598,"5,812","6,732",6268,1241
강서구,방화3동,외국인,139,4,72,45,17,1
강서구,화곡1동,계,"52,820","4,746","20,480","14,984","11,137",1473
강서구,화곡1동,한국인,"51,877","4,665","20,096","14,616","11,030",1470
강서구,화곡1동,외국인,943,81,384,368,107,3
강서구,우장산동,계,"42,995","8,877","10,253","15,077","7,834",954
강서구,우장산동,한국인,"42,786","8,858","10,155","15,005","7,814",954
강서구,우장산동,외국인,209,19,98,72,20,0
구로구,신도림동,계,"36,339","6,944","10,441","11,821",6254,879
구로구,신도림동,한국인,"36,022","6,919","10,289","11,713",6228,873
구로구,신도림동,외국인,317,25,152,108,26,6
구로구,구로1동,계,"21,132",3663,"6,490","6,679",3836,464
구로구,구로1동,한국인,"20,799",3637,"6,307","6,577",3815,463
구로구,구로1동,외국인,333,26,183,102,21,1
구로구,구로3동,계,"25,194",2679,"9,618","7,753",4398,746
구로구,구로3동,한국인,"23,573",2484,"9,143","7,031",4176,739
구로구,구로3동,외국인,"1,621",195,475,722,222,7
구로구,구로4동,계,"23,580",2079,"6,420","8,118",5935,1028
구로구,구로4동,한국인,"19,581",1693,"5,641","6,019",5209,1019
구로구,구로4동,외국인,"3,999",386,779,2099,726,9
구로구,구로5동,계,"32,012",3371,"11,486","9,729",6477,949
구로구,구로5동,한국인,"29,465",3131,"10,847","8,499",6049,939
구로구,구로5동,외국인,"2,547",240,639,1230,428,10
구로구,고척1동,계,"22,389",2994,"5,993","7,075",5513,814
구로구,고척1동,한국인,"22,081",2969,"5,839","6,984",5477,812
구로구,고척1동,외국인,308,25,154,91,36,2
구로구,고척2동,계,"26,993","3,771","6,546","8,970","6,570",1136
구로구,고척2동,한국인,"26,540","3,722","6,437","8,752","6,495",1134
구로구,고척2동,외국인,453,49,109,218,75,2
구로구,개봉2동,계,"31,144","4,173","7,904","9,632","8,276",1159
구로구,개봉2동,한국인,"30,723","4,112","7,769","9,464","8,219",1159
구로구,개봉2동,외국인,421,61,135,168,57,0
구로구,개봉3동,계,"20,602",2453,"5,167","6,621",5522,839
구로구,개봉3동,한국인,"20,239",2408,"5,075","6,454",5464,838
구로구,개봉3동,외국인,363,45,92,167,58,1
구로구,오류1동,계,"23,064",2330,"8,597","6,385",4886,866
구로구,오류1동,한국인,"22,473",2273,"8,398","6,121",4818,863
구로구,오류1동,외국인,591,57,199,264,68,3
구로구,수궁동,계,"23,656","3,268","6,156","7,654",5768,810
구로구,수궁동,한국인,"23,358","3,235","6,039","7,542",5733,809
구로구,수궁동,외국인,298,33,117,112,35,1
구로구,가리봉동,계,"13,060",774,3730,"5,041",3086,429
구로구,가리봉동,한국인,"9,055",505,2985,2722,2431,412
구로구,가리봉동,외국인,"4,005",269,745,2319,655,17
구로구,구로2동,계,"30,908",2803,"7,616","11,457","7,772",1260
구로구,구로2동,한국인,"23,656",2100,"5,927","7,742","6,656",1231
구로구,구로2동,외국인,"7,252",703,1689,"3,715",1116,29
구로구,개봉1동,계,"34,433","4,438","9,605","10,766","8,367",1257
구로구,개봉1동,한국인,"33,658","4,364","9,364","10,446","8,228",1256
구로구,개봉1동,외국인,775,74,241,320,139,1
구로구,오류2동,계,"38,917","6,798","9,440","12,511","8,674",1494
구로구,오류2동,한국인,"38,353","6,729","9,299","12,264","8,569",1492
구로구,오류2동,외국인,564,69,141,247,105,2
구로구,항동,계,"16,561",3999,"5,047",4905,2343,267
구로구,항동,한국인,"16,441",3987,"5,001",4856,2330,267
구로구,항동,외국인,120,12,46,49,13,0
금천구,가산동,계,"26,363",1429,"13,492","6,929",4023,490
금천구,가산동,한국인,"23,866",1281,"12,783","5,639",3683,480
금천구,가산동,외국인,"2,497",148,709,1290,340,10
금천구,독산1동,계,"47,111","5,670","18,381","13,770","8,140",1150
금천구,독산1동,한국인,"45,323","5,517","17,818","12,948","7,896",1144
금천구,독산1동,외국인,"1,788",153,563,822,244,6
금천구,독산2동,계,"20,112",2093,"5,614","6,809",4945,651
금천구,독산2동,한국인,"18,677",1920,"5,278","6,102",4730,647
금천구,독산2동,외국인,"1,435",173,336,707,215,4
금천구,독산3동,계,"27,629",2505,"8,220","9,417",6573,914
금천구,독산3동,한국인,"24,254",2163,"7,578","7,591",6028,894
금천구,독산3동,외국인,"3,375",342,642,1826,545,20
금천구,독산4동,계,"16,676",1671,"4,484","5,829",4178,514
금천구,독산4동,한국인,"15,098",1466,4159,"4,997",3963,513
금천구,독산4동,외국인,"1,578",205,325,832,215,1
금천구,시흥1동,계,"34,402","3,944","9,747","11,259","8,161",1291
금천구,시흥1동,한국인,"32,721","3,747","9,397","10,400","7,889",1288
금천구,시흥1동,외국인,"1,681",197,350,859,272,3
금천구,시흥2동,계,"21,209","3,449","4,666","7,019",5186,889
금천구,시흥2동,한국인,"21,089","3,440","4,627","6,953",5181,888
금천구,시흥2동,외국인,120,9,39,66,5,1
금천구,시흥3동,계,"10,890",1163,2734,"3,454",3067,472
금천구,시흥3동,한국인,"10,742",1150,2684,3390,3046,472
금천구,시흥3동,외국인,148,13,50,64,21,0
금천구,시흥4동,계,"20,904",2437,"5,250","6,820",5584,813
금천구,시흥4동,한국인,"20,253",2361,"5,089","6,518",5472,813
금천구,시흥4동,외국인,651,76,161,302,112,0
금천구,시흥5동,계,"19,605",2222,"4,740","6,349",5259,1035
금천구,시흥5동,한국인,"19,075",2151,"4,619","6,098",5173,1034
금천구,시흥5동,외국인,530,71,121,251,86,1
영등포구,여의동,계,"33,222","5,544","8,468","10,607","6,859",1744
영등포구,여의동,한국인,"32,857","5,476","8,338","10,490","6,814",1739
영등포구,여의동,외국인,365,68,130,117,45,5
영등포구,당산1동,계,"20,728",1981,"7,896","5,892",4186,773
영등포구,당산1동,한국인,"20,382",1957,"7,765","5,758",4131,771
영등포구,당산1동,외국인,346,24,131,134,55,2
영등포구,당산2동,계,"37,960","4,995","15,749","10,222",5927,1067
영등포구,당산2동,한국인,"37,593","4,977","15,539","10,119",5893,1065
영등포구,당산2동,외국인,367,18,210,103,34,2
영등포구,양평1동,계,"18,624",2304,"7,815",5121,2822,562
영등포구,양평1동,한국인,"18,339",2290,"7,645",5061,2785,558
영등포구,양평1동,외국인,285,14,170,60,37,4
영등포구,양평2동,계,"22,432",2980,"9,158","6,355",3371,568
영등포구,양평2동,한국인,"22,243",2974,"9,046","6,300",3356,567
영등포구,양평2동,외국인,189,6,112,55,15,1
영등포구,신길1동,계,"18,747",1436,"6,868","5,550",4086,807
영등포구,신길1동,한국인,"17,376",1312,"6,581","4,847",3833,803
영등포구,신길1동,외국인,"1,371",124,287,703,253,4
영등포구,신길3동,계,"17,546",2289,"4,824","5,680",4090,663
영등포구,신길3동,한국인,"16,559",2179,"4,602","5,194",3927,657
영등포구,신길3동,외국인,987,110,222,486,163,6
영등포구,신길4동,계,"13,095",1722,"3,510","4,303",3054,506
영등포구,신길4동,한국인,"12,366",1645,3381,"3,907",2933,500
영등포구,신길4동,외국인,729,77,129,396,121,6
영등포구,신길5동,계,"11,521",1578,2839,"3,927",2780,397
영등포구,신길5동,한국인,"10,457",1488,2652,3347,2582,388
영등포구,신길5동,외국인,"1,064",90,187,580,198,9
영등포구,신길6동,계,"19,826",2376,"6,397","6,050",4278,725
영등포구,신길6동,한국인,"19,056",2308,"6,224","5,664",4146,714
영등포구,신길6동,외국인,770,68,173,386,132,11
영등포구,신길7동,계,"20,126",3796,"5,969","6,430",3367,564
영등포구,신길7동,한국인,"19,933",3778,"5,907","6,347",3341,560
영등포구,신길7동,외국인,193,18,62,83,26,4
영등포구,대림1동,계,"16,934",1955,"4,393","5,874",4042,670
영등포구,대림1동,한국인,"14,433",1674,3924,"4,505",3663,667
영등포구,대림1동,외국인,"2,501",281,469,1369,379,3
영등포구,대림2동,계,"18,016",1479,"4,803","6,809",4264,661
영등포구,대림2동,한국인,"11,930",912,3554,"3,593",3229,642
영등포구,대림2동,외국인,"6,086",567,1249,"3,216",1035,19
영등포구,대림3동,계,"25,744",2799,"6,882","8,853",6242,968
영등포구,대림3동,한국인,"22,229",2426,"6,144","7,022",5677,960
영등포구,대림3동,외국인,"3,515",373,738,1831,565,8
영등포구,영등포본동,계,"23,081",2689,"6,397","7,565",5554,876
영등포구,영등포본동,한국인,"21,239",2521,"6,050","6,620",5179,869
영등포구,영등포본동,외국인,"1,842",168,347,945,375,7
영등포구,영등포동,계,"30,091",2045,"15,700","7,172",4491,683
영등포구,영등포동,한국인,"29,423",2025,"15,318","6,986",4416,678
영등포구,영등포동,외국인,668,20,382,186,75,5
영등포구,도림동,계,"19,816",1959,"6,308","6,483",4298,768
영등포구,도림동,한국인,"17,789",1771,"5,883","5,487",3892,756
영등포구,도림동,외국인,"2,027",188,425,996,406,12
영등포구,문래동,계,"32,732","6,181","9,528","10,372",5616,1035
영등포구,문래동,한국인,"32,536","6,164","9,447","10,305",5591,1029
영등포구,문래동,외국인,196,17,81,67,25,6
동작구,노량진2동,계,"11,380",714,4207,3134,2784,541
동작구,노량진2동,한국인,"10,693",662,3961,2860,2671,539
동작구,노량진2동,외국인,687,52,246,274,113,2
동작구,상도1동,계,"45,781","5,885","16,913","12,733","8,593",1657
동작구,상도1동,한국인,"44,452","5,828","15,764","12,645","8,562",1653
동작구,상도1동,외국인,"1,329",57,1149,88,31,4
동작구,상도2동,계,"28,195",4325,"8,964","8,686",5214,1006
동작구,상도2동,한국인,"27,945",4320,"8,838","8,603",5181,1003
동작구,상도2동,외국인,250,5,126,83,33,3
동작구,상도3동,계,"24,726",2637,"8,208","7,425",5454,1002
동작구,상도3동,한국인,"24,390",2604,"8,064","7,298",5423,1001
동작구,상도3동,외국인,336,33,144,127,31,1
동작구,상도4동,계,"28,917",3291,"9,398","8,739","6,374",1115
동작구,상도4동,한국인,"28,585",3267,"9,255","8,619","6,330",1114
동작구,상도4동,외국인,332,24,143,120,44,1
동작구,사당1동,계,"23,268",1633,"10,086","6,064",4818,667
동작구,사당1동,한국인,"22,795",1596,"9,881","5,894",4759,665
동작구,사당1동,외국인,473,37,205,170,59,2
동작구,사당3동,계,"24,532",3604,"7,078","7,390",5602,858
동작구,사당3동,한국인,"24,327",3590,"6,990","7,313",5580,854
동작구,사당3동,외국인,205,14,88,77,22,4
동작구,사당4동,계,"14,350",1392,"4,966","4,109",3316,567
동작구,사당4동,한국인,"14,174",1382,"4,875",4053,3297,567
동작구,사당4동,외국인,176,10,91,56,19,0
동작구,사당5동,계,"14,543",1931,"4,735","4,462",2921,494
동작구,사당5동,한국인,"14,450",1930,"4,686","4,427",2913,494
동작구,사당5동,외국인,93,1,49,35,8,0
동작구,대방동,계,"38,151","5,939","11,522","12,378","6,935",1377
동작구,대방동,한국인,"37,812","5,913","11,395","12,241","6,890",1373
동작구,대방동,외국인,339,26,127,137,45,4
동작구,신대방1동,계,"24,838","3,824","6,694","8,372",5088,860
동작구,신대방1동,한국인,"23,035","3,674","6,355","7,447",4704,855
동작구,신대방1동,외국인,"1,803",150,339,925,384,5
동작구,신대방2동,계,"22,223",3346,"7,598","6,575",3954,750
동작구,신대방2동,한국인,"21,996",3329,"7,512","6,489",3917,749
동작구,신대방2동,외국인,227,17,86,86,37,1
동작구,흑석동,계,"32,996","4,395","10,536","9,930","6,703",1432
동작구,흑석동,한국인,"31,317","4,354","9,027","9,835","6,673",1428
동작구,흑석동,외국인,"1,679",41,1509,95,30,4
동작구,노량진1동,계,"32,215","3,717","11,109","8,971","6,929",1489
동작구,노량진1동,한국인,"31,884","3,699","10,924","8,872","6,900",1489
동작구,노량진1동,외국인,331,18,185,99,29,0
동작구,사당2동,계,"28,534",3679,"8,153","8,853","6,704",1145
동작구,사당2동,한국인,"28,162",3654,"8,047","8,674","6,644",1143
동작구,사당2동,외국인,372,25,106,179,60,2
관악구,보라매동,계,"24,927",2525,"9,031","6,879",5553,939
관악구,보라매동,한국인,"24,463",2480,"8,856","6,705",5485,937
관악구,보라매동,외국인,464,45,175,174,68,2
관악구,청림동,계,"15,135",2269,"4,253","4,761",3165,687
관악구,청림동,한국인,"15,039",2264,"4,197","4,734",3157,687
관악구,청림동,외국인,96,5,56,27,8,0
관악구,행운동,계,"29,569",2368,"13,879","7,117",5356,849
관악구,행운동,한국인,"29,076",2337,"13,599","6,984",5309,847
관악구,행운동,외국인,493,31,280,133,47,2
관악구,낙성대동,계,"17,606",1470,"9,612",3709,2370,445
관악구,낙성대동,한국인,"17,035",1436,"9,205",3599,2351,444
관악구,낙성대동,외국인,571,34,407,110,19,1
관악구,중앙동,계,"15,681",985,"7,797",3574,2820,505
관악구,중앙동,한국인,"15,301",971,"7,583",3456,2788,503
관악구,중앙동,외국인,380,14,214,118,32,2
관악구,인헌동,계,"26,237",2489,"11,060","6,977",4889,822
관악구,인헌동,한국인,"25,874",2465,"10,843","6,883",4862,821
관악구,인헌동,외국인,363,24,217,94,27,1
관악구,남현동,계,"18,259",1641,"7,678","4,800",3590,550
관악구,남현동,한국인,"18,062",1639,"7,564","4,730",3580,549
관악구,남현동,외국인,197,2,114,70,10,1
관악구,서원동,계,"23,435",1453,"11,491","5,700",4128,663
관악구,서원동,한국인,"22,752",1413,"11,111","5,499",4068,661
관악구,서원동,외국인,683,40,380,201,60,2
관악구,신원동,계,"18,752",1331,"7,911","4,923",3872,715
관악구,신원동,한국인,"17,935",1262,"7,645","4,584",3732,712
관악구,신원동,외국인,817,69,266,339,140,3
관악구,서림동,계,"23,849",1812,"10,610","6,307",4393,727
관악구,서림동,한국인,"23,114",1736,"10,050","6,229",4372,727
관악구,서림동,외국인,735,76,560,78,21,0
관악구,신사동,계,"24,955",1979,"10,532","7,028",4698,718
관악구,신사동,한국인,"22,705",1766,"9,976","5,934",4319,710
관악구,신사동,외국인,"2,250",213,556,1094,379,8
관악구,신림동,계,"23,515",842,"15,253",4538,2487,395
관악구,신림동,한국인,"22,706",809,"14,770",4319,2417,391
관악구,신림동,외국인,809,33,483,219,70,4
관악구,난향동,계,"15,332",2457,3451,"5,417",3440,567
관악구,난향동,한국인,"15,218",2442,3413,"5,370",3429,564
관악구,난향동,외국인,114,15,38,47,11,3
관악구,조원동,계,"18,874",1490,"7,725","5,342",3720,597
관악구,조원동,한국인,"17,482",1396,"7,392","4,634",3468,592
관악구,조원동,외국인,"1,392",94,333,708,252,5
관악구,대학동,계,"25,186",1723,"12,203","6,817",3769,674
관악구,대학동,한국인,"23,423",1613,"10,699","6,693",3745,673
관악구,대학동,외국인,"1,763",110,1504,124,24,1
관악구,은천동,계,"33,540","4,505","10,536","10,092","7,218",1189
관악구,은천동,한국인,"33,065","4,470","10,376","9,896","7,136",1187
관악구,은천동,외국인,475,35,160,196,82,2
관악구,성현동,계,"29,161","4,579","7,370","9,589","6,450",1173
관악구,성현동,한국인,"28,974","4,564","7,305","9,508","6,424",1173
관악구,성현동,외국인,187,15,65,81,26,0
관악구,청룡동,계,"36,789","2,883","19,189","8,128",5674,915
관악구,청룡동,한국인,"35,732",2841,"18,685","7,768",5526,912
관악구,청룡동,외국인,"1,057",42,504,360,148,3
관악구,난곡동,계,"27,104",2878,"7,670","8,606","6,844",1106
관악구,난곡동,한국인,"26,648",2839,"7,529","8,410","6,767",1103
관악구,난곡동,외국인,456,39,141,196,77,3
관악구,삼성동,계,"21,393",2041,"4,837","6,818","6,454",1243
관악구,삼성동,한국인,"21,263",2033,"4,791","6,761","6,435",1243
관악구,삼성동,외국인,130,8,46,57,19,0
관악구,미성동,계,"31,037","3,751","9,126","9,548","7,505",1107
관악구,미성동,한국인,"30,508","3,696","8,968","9,303","7,437",1104
관악구,미성동,외국인,529,55,158,245,68,3
서초구,서초1동,계,"20,815",3223,"6,417","6,795",3762,618
서초구,서초1동,한국인,"20,620",3220,"6,286","6,750",3747,617
서초구,서초1동,외국인,195,3,131,45,15,1
서초구,서초2동,계,"26,878","4,832","8,740","8,557",4164,585
서초구,서초2동,한국인,"26,522","4,814","8,505","8,466",4153,584
서초구,서초2동,외국인,356,18,235,91,11,1
서초구,서초3동,계,"32,700","4,527","11,082","10,111",5978,1002
서초구,서초3동,한국인,"32,393","4,513","10,895","10,024",5959,1002
서초구,서초3동,외국인,307,14,187,87,19,0
서초구,서초4동,계,"30,936","6,906","6,874","11,135",5059,962
서초구,서초4동,한국인,"30,678","6,878","6,738","11,050",5051,961
서초구,서초4동,외국인,258,28,136,85,8,1
서초구,잠원동,계,"26,853","5,296","6,738","9,789",4311,719
서초구,잠원동,한국인,"26,675","5,289","6,641","9,727",4300,718
서초구,잠원동,외국인,178,7,97,62,11,1
서초구,반포본동,계,696,122,147,261,142,24
서초구,반포본동,한국인,670,113,139,252,142,24
서초구,반포본동,외국인,26,9,8,9,0,0
서초구,반포1동,계,"34,894","7,158","9,995","11,864",5156,721
서초구,반포1동,한국인,"34,535","7,142","9,748","11,785",5143,717
서초구,반포1동,외국인,359,16,247,79,13,4
서초구,반포2동,계,"15,858","4,539",2637,5904,2352,426
서초구,반포2동,한국인,"15,768","4,511",2620,5863,2349,425
서초구,반포2동,외국인,90,28,17,41,3,1
서초구,반포3동,계,"22,155","4,886","4,732","8,141",3685,711
서초구,반포3동,한국인,"22,102","4,884","4,711","8,120",3676,711
서초구,반포3동,외국인,53,2,21,21,9,0
서초구,반포4동,계,"19,791","4,033","4,744","6,841",3611,562
서초구,반포4동,한국인,"19,144","3,809","4,622","6,559",3593,561
서초구,반포4동,외국인,647,224,122,282,18,1
서초구,방배본동,계,"20,995","4,205","4,918","7,423",3671,778
서초구,방배본동,한국인,"20,815","4,168","4,874","7,339",3657,777
서초구,방배본동,외국인,180,37,44,84,14,1
서초구,방배1동,계,"16,944",2409,"5,140","5,284",3503,608
서초구,방배1동,한국인,"16,810",2399,"5,076","5,233",3496,606
서초구,방배1동,외국인,134,10,64,51,7,2
서초구,방배2동,계,"18,992",2623,"5,394","5,922",4411,642
서초구,방배2동,한국인,"18,873",2614,"5,347","5,871",4399,642
서초구,방배2동,외국인,119,9,47,51,12,0
서초구,방배3동,계,"18,802","3,153","4,637","6,062",4266,684
서초구,방배3동,한국인,"18,727","3,149","4,603","6,032",4260,683
서초구,방배3동,외국인,75,4,34,30,6,1
서초구,방배4동,계,"23,700","4,301","6,268","8,161",4120,850
서초구,방배4동,한국인,"23,410","4,229","6,194","8,034",4104,849
서초구,방배4동,외국인,290,72,74,127,16,1
서초구,양재1동,계,"43,152","7,653","11,402","13,828","8,929",1340
서초구,양재1동,한국인,"42,838","7,637","11,273","13,696","8,894",1338
서초구,양재1동,외국인,314,16,129,132,35,2
서초구,양재2동,계,"22,037",2811,"7,580","7,039",4089,518
서초구,양재2동,한국인,"21,825",2788,"7,479","6,969",4072,517
서초구,양재2동,외국인,212,23,101,70,17,1
서초구,내곡동,계,"17,479",3077,"4,243","5,466",4051,642
서초구,내곡동,한국인,"17,418",3073,"4,212","5,444",4047,642
서초구,내곡동,외국인,61,4,31,22,4,0
강남구,신사동,계,"16,116",2464,"4,311","5,328",3258,755
강남구,신사동,한국인,"15,895",2456,"4,176","5,263",3246,754
강남구,신사동,외국인,221,8,135,65,12,1
강남구,논현1동,계,"22,583",1502,"10,081","6,779",3607,614
강남구,논현1동,한국인,"21,973",1473,"9,660","6,644",3583,613
강남구,논현1동,외국인,610,29,421,135,24,1
강남구,논현2동,계,"21,300",2311,"7,797","6,811",3747,634
강남구,논현2동,한국인,"20,971",2276,"7,591","6,738",3732,634
강남구,논현2동,외국인,329,35,206,73,15,0
강남구,삼성1동,계,"13,059",2039,3619,4323,2674,404
강남구,삼성1동,한국인,"12,808",2009,3504,4229,2662,404
강남구,삼성1동,외국인,251,30,115,94,12,0
강남구,삼성2동,계,"31,130","5,913","8,888","11,169",4438,722
강남구,삼성2동,한국인,"30,877","5,897","8,752","11,083",4423,722
강남구,삼성2동,외국인,253,16,136,86,15,0
강남구,대치1동,계,"24,031","7,014",3727,"9,604",3222,464
강남구,대치1동,한국인,"23,999","7,013",3718,"9,590",3215,463
강남구,대치1동,외국인,32,1,9,14,7,1
강남구,대치4동,계,"19,914","3,035","6,652","7,210",2628,389
강남구,대치4동,한국인,"19,639","3,024","6,474","7,143",2609,389
강남구,대치4동,외국인,275,11,178,67,19,0
강남구,역삼1동,계,"36,431",2315,"18,066","10,599",4703,748
강남구,역삼1동,한국인,"35,404",2283,"17,307","10,395",4675,744
강남구,역삼1동,외국인,"1,027",32,759,204,28,4
강남구,역삼2동,계,"36,288","8,095","9,292","13,793",4405,703
강남구,역삼2동,한국인,"35,979","8,083","9,093","13,709",4391,703
강남구,역삼2동,외국인,309,12,199,84,14,0
강남구,도곡1동,계,"21,566","4,048","5,804","7,230",3907,577
강남구,도곡1동,한국인,"21,425","4,040","5,724","7,194",3890,577
강남구,도곡1동,외국인,141,8,80,36,17,0
강남구,도곡2동,계,"33,140","7,434","6,976","11,856",5866,1008
강남구,도곡2동,한국인,"33,057","7,433","6,945","11,818",5855,1006
강남구,도곡2동,외국인,83,1,31,38,11,2
강남구,개포1동,계,"6,982",1108,1441,2130,1984,319
강남구,개포1동,한국인,"6,962",1108,1434,2119,1983,318
강남구,개포1동,외국인,20,0,7,11,1,1
강남구,개포4동,계,"23,790","3,913","6,845","7,978",4529,525
강남구,개포4동,한국인,"23,641","3,891","6,777","7,938",4512,523
강남구,개포4동,외국인,149,22,68,40,17,2
강남구,일원본동,계,"23,172","5,248","5,126","8,053",4213,532
강남구,일원본동,한국인,"23,144","5,245","5,111","8,044",4212,532
강남구,일원본동,외국인,28,3,15,9,1,0
강남구,일원1동,계,"15,180",1732,"4,341","4,430",4008,669
강남구,일원1동,한국인,"15,044",1725,"4,282","4,385",3983,669
강남구,일원1동,외국인,136,7,59,45,25,0
강남구,일원2동,계,"17,563",2913,"4,245","5,638",4196,571
강남구,일원2동,한국인,"17,504",2912,"4,204","5,625",4192,571
강남구,일원2동,외국인,59,1,41,13,4,0
강남구,수서동,계,"14,726",1151,"3,460","3,744",5451,920
강남구,수서동,한국인,"14,659",1147,"3,425","3,727",5440,920
강남구,수서동,외국인,67,4,35,17,11,0
강남구,세곡동,계,"43,213","8,454","11,284","13,933","7,955",1587
강남구,세곡동,한국인,"43,041","8,445","11,179","13,883","7,947",1587
강남구,세곡동,외국인,172,9,105,50,8,0
강남구,압구정동,계,"26,315","4,703","5,957","8,752","5,664",1239
강남구,압구정동,한국인,"26,168","4,695","5,891","8,692","5,654",1236
강남구,압구정동,외국인,147,8,66,60,10,3
강남구,청담동,계,"25,723","4,171","7,499","8,607",4688,758
강남구,청담동,한국인,"25,497","4,158","7,380","8,528",4675,756
강남구,청담동,외국인,226,13,119,79,13,2
강남구,대치2동,계,"36,876","8,228","7,659","13,427",6834,728
강남구,대치2동,한국인,"36,726","8,220","7,587","13,370",6821,728
강남구,대치2동,외국인,150,8,72,57,13,0
강남구,개포2동,계,"28,240","5,947","6,753","9,852",5152,536
강남구,개포2동,한국인,"28,164","5,944","6,720","9,815",5149,536
강남구,개포2동,외국인,76,3,33,37,3,0
송파구,풍납1동,계,"13,298",1424,3381,"4,274",3681,538
송파구,풍납1동,한국인,"12,747",1387,3260,"3,980",3583,537
송파구,풍납1동,외국인,551,37,121,294,98,1
송파구,풍납2동,계,"24,856",3766,"7,715","7,647",5013,715
송파구,풍납2동,한국인,"24,683",3748,"7,643","7,574",5003,715
송파구,풍납2동,외국인,173,18,72,73,10,0
송파구,거여1동,계,"12,454",1444,3452,"4,016",3065,477
송파구,거여1동,한국인,"12,381",1441,3431,"3,976",3056,477
송파구,거여1동,외국인,73,3,21,40,9,0
송파구,거여2동,계,"22,819",3640,"5,969","7,411",5037,762
송파구,거여2동,한국인,"22,729",3638,"5,939","7,367",5023,762
송파구,거여2동,외국인,90,2,30,44,14,0
송파구,마천1동,계,"18,909",2315,"4,361","6,163",5192,878
송파구,마천1동,한국인,"18,758",2303,"4,315","6,088",5174,878
송파구,마천1동,외국인,151,12,46,75,18,0
송파구,마천2동,계,"18,597",1954,"4,429","6,098",5271,845
송파구,마천2동,한국인,"18,445",1944,4391,"6,012",5254,844
송파구,마천2동,외국인,152,10,38,86,17,1
송파구,방이1동,계,"15,662",2491,"4,614","5,121",2979,457
송파구,방이1동,한국인,"15,574",2487,"4,565","5,100",2967,455
송파구,방이1동,외국인,88,4,49,21,12,2
송파구,방이2동,계,"26,971",2318,"11,808","7,402",4840,603
송파구,방이2동,한국인,"26,430",2288,"11,488","7,236",4816,602
송파구,방이2동,외국인,541,30,320,166,24,1
송파구,오륜동,계,"17,944","3,724",3710,"6,239",3805,466
송파구,오륜동,한국인,"17,926","3,723",3699,"6,235",3803,466
송파구,오륜동,외국인,18,1,11,4,2,0
송파구,오금동,계,"38,366","5,593","10,560","12,367","8,542",1304
송파구,오금동,한국인,"38,146","5,579","10,453","12,295","8,517",1302
송파구,오금동,외국인,220,14,107,72,25,2
송파구,송파1동,계,"24,135",2368,"9,739","6,792",4629,607
송파구,송파1동,한국인,"23,806",2350,"9,594","6,665",4590,607
송파구,송파1동,외국인,329,18,145,127,39,0
송파구,송파2동,계,"19,279",3286,"5,308","6,225",3951,509
송파구,송파2동,한국인,"19,125",3268,"5,267","6,150",3931,509
송파구,송파2동,외국인,154,18,41,75,20,0
송파구,석촌동,계,"32,025","3,240","12,264","9,665",6058,798
송파구,석촌동,한국인,"31,449","3,192","12,062","9,421",5979,795
송파구,석촌동,외국인,576,48,202,244,79,3
송파구,삼전동,계,"30,441",3324,"11,589","9,313",5491,724
송파구,삼전동,한국인,"30,077",3290,"11,397","9,199",5467,724
송파구,삼전동,외국인,364,34,192,114,24,0
송파구,가락본동,계,"26,317",3270,"8,493","8,378",5449,727
송파구,가락본동,한국인,"26,039",3243,"8,392","8,256",5424,724
송파구,가락본동,외국인,278,27,101,122,25,3
송파구,가락1동,계,"27,548","5,463","7,947","8,541",5169,428
송파구,가락1동,한국인,"27,430","5,448","7,884","8,505",5165,428
송파구,가락1동,외국인,118,15,63,36,4,0
송파구,가락2동,계,"31,946","5,661","8,984","10,507",5997,797
송파구,가락2동,한국인,"31,770","5,648","8,904","10,446",5976,796
송파구,가락2동,외국인,176,13,80,61,21,1
송파구,문정1동,계,"20,125",2673,"6,494","6,154",4293,511
송파구,문정1동,한국인,"19,938",2659,"6,416","6,075",4281,507
송파구,문정1동,외국인,187,14,78,79,12,4
송파구,문정2동,계,"29,061",2965,"12,370","7,954",4943,829
송파구,문정2동,한국인,"28,855",2957,"12,209","7,922",4938,829
송파구,문정2동,외국인,206,8,161,32,5,0
송파구,잠실본동,계,"28,386",2797,"11,198","8,534",5230,627
송파구,잠실본동,한국인,"27,894",2775,"10,983","8,350",5160,626
송파구,잠실본동,외국인,492,22,215,184,70,1
송파구,잠실4동,계,"21,362",5064,"4,585","7,477",3740,496
송파구,잠실4동,한국인,"21,296",5056,"4,552","7,457",3735,496
송파구,잠실4동,외국인,66,8,33,20,5,0
송파구,잠실6동,계,"16,870",3101,"4,049","5,490",3646,584
송파구,잠실6동,한국인,"16,747",3083,"3,984","5,453",3645,582
송파구,잠실6동,외국인,123,18,65,37,1,2
송파구,잠실7동,계,"9,536",1498,2132,2980,2408,518
송파구,잠실7동,한국인,"9,521",1497,2127,2973,2406,518
송파구,잠실7동,외국인,15,1,5,7,2,0
송파구,잠실2동,계,"34,989","9,377","6,724","13,491",4768,629
송파구,잠실2동,한국인,"34,879","9,363","6,694","13,435",4758,629
송파구,잠실2동,외국인,110,14,30,56,10,0
송파구,잠실3동,계,"34,347","6,965","7,503","11,538","7,426",915
송파구,잠실3동,한국인,"34,217","6,957","7,452","11,481","7,412",915
송파구,잠실3동,외국인,130,8,51,57,14,0
송파구,장지동,계,"29,471","4,741","8,520","9,419",5923,868
송파구,장지동,한국인,"29,316","4,737","8,436","9,360",5916,867
송파구,장지동,외국인,155,4,84,59,7,1
송파구,위례동,계,"42,547","12,499","10,994","13,898",4585,571
송파구,위례동,한국인,"42,429","12,492","10,940","13,847",4579,571
송파구,위례동,외국인,118,7,54,51,6,0
강동구,명일1동,계,"25,884","4,581","6,910","8,219",5465,709
강동구,명일1동,한국인,"25,795","4,575","6,869","8,184",5460,707
강동구,명일1동,외국인,89,6,41,35,5,2
강동구,명일2동,계,"17,520","3,584",4196,"5,735",3589,416
강동구,명일2동,한국인,"17,473","3,583",4166,"5,721",3587,416
강동구,명일2동,외국인,47,1,30,14,2,0
강동구,고덕1동,계,"24,074","6,076","4,921","8,628",3896,553
강동구,고덕1동,한국인,"23,958","6,074","4,841","8,597",3893,553
강동구,고덕1동,외국인,116,2,80,31,3,0
강동구,고덕2동,계,"22,545",4601,"5,953","7,327",4178,486
강동구,고덕2동,한국인,"22,383",4592,"5,850","7,282",4173,486
강동구,고덕2동,외국인,162,9,103,45,5,0
강동구,암사2동,계,"15,201",2343,"4,632","4,656",3131,439
강동구,암사2동,한국인,"15,145",2340,"4,596","4,644",3126,439
강동구,암사2동,외국인,56,3,36,12,5,0
강동구,암사3동,계,"17,838",3721,"4,193","5,912",3557,455
강동구,암사3동,한국인,"17,793",3721,"4,165","5,897",3555,455
강동구,암사3동,외국인,45,0,28,15,2,0
강동구,천호1동,계,"26,920",2956,"7,612","8,462",6918,972
강동구,천호1동,한국인,"26,692",2937,"7,526","8,366",6891,972
강동구,천호1동,외국인,228,19,86,96,27,0
강동구,천호3동,계,"26,845",2457,"9,478","7,954",6102,854
강동구,천호3동,한국인,"26,410",2423,"9,309","7,773",6051,854
강동구,천호3동,외국인,435,34,169,181,51,0
강동구,성내1동,계,"20,068",3145,"5,913","6,377",4064,569
강동구,성내1동,한국인,"19,942",3122,"5,858","6,335",4058,569
강동구,성내1동,외국인,126,23,55,42,6,0
강동구,성내2동,계,"23,973",2114,"8,049","7,198",5756,856
강동구,성내2동,한국인,"23,403",2062,"7,866","6,943",5677,855
강동구,성내2동,외국인,570,52,183,255,79,1
강동구,성내3동,계,"23,235",2825,"7,008","7,532",5150,720
강동구,성내3동,한국인,"22,975",2806,"6,868","7,454",5127,720
강동구,성내3동,외국인,260,19,140,78,23,0
강동구,둔촌1동,계,143,9,32,49,42,11
강동구,둔촌1동,한국인,132,9,28,44,41,10
강동구,둔촌1동,외국인,11,0,4,5,1,1
강동구,둔촌2동,계,"24,641","3,608","6,953","7,723",5566,791
강동구,둔촌2동,한국인,"24,529","3,604","6,912","7,674",5548,791
강동구,둔촌2동,외국인,112,4,41,49,18,0
강동구,암사1동,계,"34,643","4,469","9,630","11,400","7,986",1158
강동구,암사1동,한국인,"34,352","4,444","9,527","11,275","7,949",1157
강동구,암사1동,외국인,291,25,103,125,37,1
강동구,천호2동,계,"33,671",3298,"11,154","10,334","7,767",1118
강동구,천호2동,한국인,"33,070",3243,"10,954","10,074","7,683",1116
강동구,천호2동,외국인,601,55,200,260,84,2
강동구,길동,계,"45,863","5,089","14,291","14,130","10,944",1409
강동구,길동,한국인,"45,554","5,071","14,151","14,000","10,923",1409
강동구,길동,외국인,309,18,140,130,21,0
강동구,강일동,계,"32,947","6,580","8,218","10,170",6895,1084
강동구,강일동,한국인,"32,762","6,576","8,111","10,112",6880,1083
강동구,강일동,외국인,185,4,107,58,15,1
강동구,상일동,계,"49,086","11,184","12,387","16,030",8497,988
강동구,상일동,한국인,"48,932","11,171","12,333","15,955",8486,987
강동구,상일동,외국인,154,13,54,75,11,1
